Data,Dezena1,Dezena2,Dezena3,Dezena4,Dezena5,Dezena6
1996-03-11,4,5,30,33,41,52
1996-03-18,9,37,39,41,43,49
1996-03-25,10,11,29,30,36,47
1996-04-01,1,5,6,27,42,59
1996-04-08,1,2,6,16,19,46
1996-04-15,7,13,19,22,40,47
1996-04-22,3,5,20,21,38,56
1996-04-29,4,17,37,38,47,53
1996-05-06,8,43,54,55,56,60
1996-05-13,4,18,21,25,38,57
1996-05-20,15,25,37,38,58,59
1996-05-27,4,16,19,20,27,43
1996-06-03,18,32,47,50,54,56
1996-06-10,2,16,23,27,47,53
1996-06-17,12,33,35,51,52,60
1996-06-24,20,32,34,49,58,60
1996-07-01,6,10,13,19,20,51
1996-07-08,23,27,36,37,42,56
1996-07-15,5,10,12,24,25,60
1996-07-22,11,25,28,30,33,51
1996-07-29,6,33,36,46,49,53
1996-08-05,1,9,31,38,46,56
1996-08-12,17,37,39,51,52,59
1996-08-19,1,8,14,28,33,43
1996-08-25,24,43,50,54,55,56
1996-09-01,10,22,50,53,57,58
1996-09-08,13,17,20,33,44,51
1996-09-15,3,6,22,24,54,60
1996-09-22,3,8,14,43,56,58
1996-09-29,7,14,15,29,38,50
1996-10-06,17,19,28,45,48,56
1996-10-13,5,14,33,36,43,44
1996-10-20,5,17,33,39,42,49
1996-10-27,13,15,17,40,53,57
1996-11-03,4,16,21,23,54,57
1996-11-10,3,13,17,25,29,51
1996-11-17,6,7,22,38,52,60
1996-11-24,10,42,43,45,54,55
1996-12-01,12,16,37,45,52,56
1996-12-08,3,5,8,12,46,47
1996-12-15,12,26,35,38,39,47
1996-12-22,7,11,19,24,33,36
1996-12-29,2,6,17,25,26,58
1997-01-05,14,18,29,38,44,47
1997-01-12,7,30,37,44,53,55
1997-01-19,1,23,24,32,46,60
1997-01-26,3,17,25,35,48,56
1997-02-02,2,5,28,34,47,50
1997-02-09,7,13,33,35,43,55
1997-02-16,6,16,21,44,57,58
1997-02-23,17,23,24,25,42,47
1997-03-02,15,30,38,46,58,59
1997-03-09,3,13,16,38,42,46
1997-03-16,5,9,18,21,36,56
1997-03-23,2,14,23,29,38,52
1997-03-30,2,7,20,35,51,59
1997-04-06,7,16,17,27,34,59
1997-04-13,12,27,30,37,44,49
1997-04-20,2,8,13,28,34,54
1997-04-27,3,14,15,20,21,38
1997-05-04,8,18,29,42,44,59
1997-05-11,6,8,13,24,31,52
1997-05-18,9,25,26,40,41,49
1997-05-25,8,12,23,50,54,60
1997-06-01,1,5,20,25,32,34
1997-06-08,12,13,15,26,33,48
1997-06-15,12,14,17,27,47,52
1997-06-22,1,3,12,13,53,59
1997-06-29,25,34,45,53,56,58
1997-07-06,17,23,27,40,43,58
1997-07-13,16,27,33,43,45,53
1997-07-20,1,19,34,43,44,48
1997-07-27,25,26,28,45,51,57
1997-08-03,2,24,34,37,38,50
1997-08-10,21,24,35,36,37,49
1997-08-17,8,17,18,23,33,53
1997-08-24,21,29,40,49,54,57
1997-08-31,12,22,25,31,32,46
1997-09-07,2,13,17,25,31,43
1997-09-14,23,28,37,40,48,51
1997-09-21,10,23,41,47,54,60
1997-09-28,15,18,29,36,51,53
1997-10-05,4,15,16,24,42,57
1997-10-12,4,6,10,25,34,40
1997-10-19,6,15,30,37,45,47
1997-10-26,6,21,22,34,36,54
1997-11-02,4,5,11,28,32,40
1997-11-09,4,18,29,37,43,45
1997-11-16,13,34,42,44,55,59
1997-11-23,9,21,26,40,52,54
1997-11-30,2,4,10,35,39,60
1997-12-07,1,3,5,23,24,51
1997-12-14,2,22,28,31,36,53
1997-12-21,8,18,28,51,52,55
1997-12-28,6,40,45,46,50,60
1998-01-04,4,7,26,40,42,58
1998-01-11,5,11,14,35,53,56
1998-01-18,13,14,31,33,35,43
1998-01-25,11,24,30,33,46,60
1998-02-01,14,29,30,46,48,51
1998-02-08,1,18,29,31,37,39
1998-02-15,19,20,37,42,44,56
1998-02-22,1,7,9,49,54,57
1998-03-01,1,4,13,21,38,52
1998-03-08,3,13,31,43,46,49
1998-03-15,5,16,24,35,38,39
1998-03-22,2,4,16,24,51,52
1998-03-29,21,24,29,34,59,60
1998-04-04,1,13,44,48,49,54
1998-04-11,18,31,43,52,57,58
1998-04-18,4,22,25,32,33,52
1998-04-25,12,20,34,37,42,43
1998-05-02,7,26,28,34,54,55
1998-05-09,6,12,18,37,47,54
1998-05-16,4,6,14,20,24,38
1998-05-23,5,13,32,36,42,51
1998-05-30,20,25,27,33,42,53
1998-06-06,9,22,25,37,56,57
1998-06-13,1,21,36,38,47,50
1998-06-20,3,16,27,40,45,46
1998-06-27,2,29,41,44,53,55
1998-07-04,11,17,20,39,43,53
1998-07-11,13,14,16,26,32,42
1998-07-18,5,15,34,41,52,57
1998-07-25,25,41,47,53,56,59
1998-08-01,6,10,11,28,32,40
1998-08-08,21,29,50,51,54,59
1998-08-15,3,9,18,21,23,43
1998-08-22,1,9,10,32,46,54
1998-08-29,13,29,38,42,49,53
1998-09-05,4,9,17,27,30,44
1998-09-12,7,9,35,41,44,50
1998-09-19,5,6,19,34,39,57
1998-09-26,4,25,32,36,52,60
1998-10-03,21,22,35,40,53,59
1998-10-10,1,17,25,38,45,59
1998-10-17,15,16,19,22,26,49
1998-10-24,5,14,27,37,40,41
1998-10-31,3,13,26,27,41,42
1998-11-07,7,31,41,44,46,55
1998-11-14,10,13,22,41,42,58
1998-11-21,8,15,19,20,54,59
1998-11-28,6,18,20,40,50,53
1998-12-05,8,32,36,44,45,55
1998-12-12,15,16,31,41,43,51
1998-12-19,25,32,34,42,51,60
1998-12-24,6,16,23,24,28,38
1998-12-31,32,35,41,55,58,59
1999-01-09,7,11,20,28,45,48
1999-01-16,12,44,50,52,54,55
1999-01-23,3,16,20,43,52,56
1999-01-30,5,12,15,29,51,58
1999-02-06,2,30,31,42,45,47
1999-02-13,8,10,24,33,45,48
1999-02-20,12,30,32,35,43,44
1999-02-27,17,23,42,49,52,55
1999-03-06,4,13,17,21,41,44
1999-03-13,4,14,17,43,51,58
1999-03-20,9,11,16,35,50,58
1999-03-27,2,13,42,52,54,58
1999-04-03,6,25,30,37,39,41
1999-04-10,21,23,33,38,48,51
1999-04-17,8,27,36,41,53,56
1999-04-24,4,10,14,19,28,44
1999-05-01,10,19,23,35,39,56
1999-05-08,12,13,22,57,59,60
1999-05-15,1,11,28,33,38,48
1999-05-22,2,9,31,35,45,50
1999-05-29,1,13,21,37,51,52
1999-06-05,7,41,46,51,55,58
1999-06-12,4,27,40,43,46,54
1999-06-19,10,14,26,35,36,49
1999-06-26,17,28,29,42,49,50
1999-07-03,11,22,23,36,52,59
1999-07-10,1,10,13,20,42,50
1999-07-17,1,3,4,28,45,53
1999-07-24,22,35,38,39,41,59
1999-07-31,5,15,19,26,27,33
1999-08-07,5,6,23,26,27,53
1999-08-14,6,23,29,39,51,60
1999-08-21,1,27,33,35,51,55
1999-08-28,3,5,10,28,46,60
1999-09-04,2,7,11,16,40,44
1999-09-11,9,16,21,34,41,60
1999-09-18,17,22,43,46,55,59
1999-09-25,14,23,24,25,26,51
1999-10-02,6,36,41,44,48,58
1999-10-10,17,27,34,42,43,46
1999-10-16,4,15,31,38,41,53
1999-10-24,5,10,21,32,40,42
1999-10-31,1,3,5,23,41,58
1999-11-06,1,26,28,41,54,60
1999-11-13,4,11,12,19,43,49
1999-11-20,25,28,32,33,42,43
1999-11-27,3,9,17,32,37,44
1999-12-04,7,9,14,17,24,32
1999-12-11,5,12,15,19,29,52
1999-12-18,1,8,18,23,35,40
1999-12-24,10,16,37,50,52,57
1999-12-31,12,15,19,34,44,51
2000-01-08,5,20,22,30,35,55
2000-01-15,12,24,44,45,49,53
2000-01-22,11,19,29,44,47,55
2000-01-29,29,31,39,41,51,58
2000-02-05,26,32,40,43,46,54
2000-02-12,18,20,26,34,51,56
2000-02-19,3,7,19,24,53,55
2000-02-26,15,23,24,25,47,57
2000-03-04,13,21,26,32,41,52
2000-03-11,20,32,37,38,48,58
2000-03-18,10,20,33,40,45,50
2000-03-25,6,15,29,45,57,59
2000-04-01,3,9,23,30,32,35
2000-04-08,6,12,30,31,35,50
2000-04-15,7,28,37,46,53,58
2000-04-22,14,18,30,35,42,59
2000-04-29,3,27,32,45,49,51
2000-05-06,12,17,40,42,47,54
2000-05-13,23,26,28,36,42,49
2000-05-20,13,14,36,53,55,60
2000-05-27,13,27,43,50,54,58
2000-06-03,5,19,30,48,52,55
2000-06-10,2,6,22,24,28,58
2000-06-17,7,16,18,20,21,44
2000-06-24,2,4,16,21,37,58
2000-07-01,1,2,38,49,50,59
2000-07-08,11,26,27,37,42,48
2000-07-15,13,16,40,43,45,59
2000-07-22,11,13,21,33,39,45
2000-07-29,8,40,41,44,53,56
2000-08-05,16,27,36,42,44,59
2000-08-12,19,22,29,37,41,59
2000-08-19,3,7,24,32,36,45
2000-08-26,15,25,41,42,45,54
2000-09-02,2,22,29,31,41,55
2000-09-09,10,25,50,52,57,60
2000-09-16,7,31,36,45,56,57
2000-09-23,9,13,15,37,41,42
2000-09-30,6,21,33,44,46,47
2000-10-07,25,28,38,41,57,59
2000-10-14,11,31,35,40,56,57
2000-10-21,4,7,21,22,28,56
2000-10-28,11,16,20,23,32,47
2000-11-04,19,24,33,47,50,60
2000-11-11,8,27,44,51,53,60
2000-11-18,2,16,32,37,43,57
2000-11-25,3,10,23,30,34,46
2000-12-02,16,32,34,35,41,56
2000-12-09,21,36,40,49,54,55
2000-12-16,7,25,41,42,43,55
2000-12-23,15,23,30,34,49,55
2000-12-30,4,17,26,32,51,54
2001-01-06,11,12,24,37,44,56
2001-01-13,1,4,21,22,30,56
2001-01-20,16,19,20,32,44,55
2001-01-27,2,21,26,32,34,52
2001-02-03,1,4,5,19,28,34
2001-02-10,7,12,50,54,55,60
2001-02-17,13,15,20,33,43,58
2001-02-24,4,6,33,43,59,60
2001-03-03,5,16,20,30,54,56
2001-03-10,11,20,48,53,58,60
2001-03-17,8,9,26,43,50,53
2001-03-24,1,5,13,25,31,33
2001-03-31,7,16,34,41,50,53
2001-04-07,2,23,38,46,48,54
2001-04-14,1,8,45,46,55,58
2001-04-21,5,6,10,21,33,47
2001-04-28,17,18,19,25,49,52
2001-05-05,5,9,27,35,40,45
2001-05-12,14,24,26,29,31,54
2001-05-19,9,10,24,36,56,58
2001-05-26,10,17,23,27,47,52
2001-06-02,11,13,18,26,39,47
2001-06-09,16,19,30,37,38,48
2001-06-16,22,39,45,53,57,59
2001-06-23,4,26,38,40,52,56
2001-06-30,10,15,18,22,31,55
2001-07-07,4,23,31,47,58,59
2001-07-14,5,16,20,25,30,58
2001-07-21,5,11,31,38,47,53
2001-07-28,9,14,23,24,33,36
2001-08-01,25,28,34,42,48,54
2001-08-04,7,8,14,30,32,36
2001-08-08,12,32,37,41,50,56
2001-08-11,29,35,37,44,47,56
2001-08-15,3,13,25,33,47,60
2001-08-18,6,9,11,17,18,50
2001-08-22,6,7,20,25,30,36
2001-08-25,7,25,26,30,40,57
2001-08-29,5,16,17,18,22,41
2001-09-01,13,23,24,34,45,53
2001-09-05,5,6,7,12,28,35
2001-09-08,22,25,28,41,45,57
2001-09-12,7,12,24,31,44,50
2001-09-15,3,20,42,46,51,52
2001-09-19,1,20,28,33,36,41
2001-09-22,5,22,23,24,34,60
2001-09-26,2,5,7,33,49,53
2001-09-29,24,27,28,38,41,57
2001-10-03,9,26,48,49,57,58
2001-10-06,12,25,30,40,41,60
2001-10-10,7,13,17,30,37,47
2001-10-13,7,11,34,41,42,59
2001-10-17,5,11,27,38,53,60
2001-10-20,19,30,41,47,56,57
2001-10-24,13,16,17,26,41,44
2001-10-27,4,11,25,29,39,55
2001-10-31,4,11,25,39,50,55
2001-11-03,2,14,28,29,31,32
2001-11-07,22,24,30,32,38,41
2001-11-10,14,23,30,41,47,50
2001-11-14,14,16,24,37,38,53
2001-11-17,5,32,34,37,40,58
2001-11-21,12,21,22,28,43,50
2001-11-24,6,24,28,43,51,56
2001-11-28,16,20,27,30,35,48
2001-12-01,3,19,20,31,40,53
2001-12-05,12,16,17,19,23,48
2001-12-08,20,22,27,47,50,53
2001-12-12,4,11,31,32,48,49
2001-12-15,11,18,29,44,47,56
2001-12-19,26,31,33,40,49,54
2001-12-22,8,15,22,25,30,47
2001-12-29,1,3,4,21,23,53
2002-01-05,21,23,40,44,51,52
2002-01-09,29,32,33,38,46,48
2002-01-12,5,7,14,21,23,51
2002-01-16,10,11,12,24,35,40
2002-01-19,2,4,14,23,37,51
2002-01-23,1,13,20,27,35,37
2002-01-26,23,28,29,34,42,44
2002-01-30,4,27,35,44,52,53
2002-02-02,14,23,24,26,41,51
2002-02-06,7,23,33,43,57,59
2002-02-09,2,18,22,26,30,54
2002-02-16,4,14,16,31,52,54
2002-02-20,1,4,9,36,46,48
2002-02-23,5,12,13,16,27,50
2002-02-27,9,10,12,33,42,60
2002-03-02,5,16,22,23,43,56
2002-03-06,16,29,34,49,51,54
2002-03-09,4,6,7,12,24,41
2002-03-13,10,12,14,33,35,36
2002-03-16,11,22,46,51,56,58
2002-03-20,7,12,41,46,56,60
2002-03-23,1,10,12,26,48,52
2002-03-27,19,30,33,39,40,52
2002-03-30,8,9,28,32,38,54
2002-04-03,10,15,23,30,43,57
2002-04-06,15,16,24,41,59,60
2002-04-10,7,20,25,44,47,49
2002-04-13,19,23,30,46,55,60
2002-04-17,7,16,38,40,41,52
2002-04-20,2,14,22,23,37,60
2002-04-24,5,19,21,54,56,58
2002-04-27,2,30,32,35,45,53
2002-05-04,12,17,21,32,40,42
2002-05-08,13,19,20,29,31,54
2002-05-11,23,24,29,47,53,55
2002-05-15,16,28,31,41,45,59
2002-05-18,7,20,33,37,46,56
2002-05-22,19,29,39,47,49,54
2002-05-25,5,29,44,51,57,59
2002-05-29,19,23,34,37,52,58
2002-06-01,4,6,7,15,21,51
2002-06-05,10,12,27,33,49,52
2002-06-08,13,29,32,38,44,50
2002-06-12,1,14,21,35,42,60
2002-06-15,1,4,40,42,51,54
2002-06-19,4,18,23,33,39,60
2002-06-22,16,17,24,39,46,57
2002-06-26,1,5,10,24,31,33
2002-06-29,2,5,16,26,44,54
2002-07-03,1,5,9,42,51,58
2002-07-06,10,13,25,35,43,48
2002-07-10,3,12,19,27,45,46
2002-07-13,5,38,41,45,48,55
2002-07-17,24,33,40,41,55,59
2002-07-20,13,22,30,31,47,57
2002-07-24,9,10,28,46,55,56
2002-07-27,31,34,37,38,53,54
2002-07-31,14,22,48,50,53,56
2002-08-03,24,28,40,47,50,52
2002-08-07,5,12,16,18,22,24
2002-08-10,17,35,36,39,43,54
2002-08-14,22,28,29,43,47,48
2002-08-17,23,36,48,52,53,58
2002-08-21,5,14,18,43,46,54
2002-08-24,7,12,22,34,38,53
2002-08-28,4,7,15,16,35,40
2002-08-31,15,23,31,39,47,49
2002-09-04,6,12,35,36,40,50
2002-09-07,5,15,35,42,45,49
2002-09-11,10,11,14,20,31,58
2002-09-14,6,18,34,42,45,47
2002-09-18,1,2,5,24,32,46
2002-09-21,7,16,22,28,36,37
2002-09-25,11,16,27,47,55,59
2002-09-28,10,13,28,29,54,59
2002-10-02,11,18,43,44,50,53
2002-10-05,5,16,27,43,56,58
2002-10-09,7,16,27,31,46,60
2002-10-12,1,24,28,38,40,58
2002-10-16,24,29,34,47,57,60
2002-10-19,2,12,32,38,47,48
2002-10-23,2,18,22,49,51,57
2002-10-26,14,28,33,44,49,56
2002-10-30,18,25,26,31,34,49
2002-11-02,8,24,31,36,38,55
2002-11-06,10,12,31,38,45,56
2002-11-09,5,12,14,21,45,59
2002-11-13,2,4,29,33,35,53
2002-11-16,16,26,35,45,52,58
2002-11-20,1,4,27,38,42,44
2002-11-23,1,13,23,33,54,56
2002-11-27,7,12,21,25,34,42
2002-11-30,8,15,32,45,49,52
2002-12-04,9,16,41,42,52,53
2002-12-07,12,29,30,43,57,59
2002-12-11,5,35,37,38,45,51
2002-12-14,12,37,43,55,56,60
2002-12-18,8,22,32,33,40,53
2002-12-21,18,27,29,36,46,59
2002-12-28,6,10,16,34,42,47
2003-01-04,7,30,32,37,50,54
2003-01-08,3,13,14,24,43,51
2003-01-11,8,28,30,32,46,60
2003-01-15,17,26,32,36,43,55
2003-01-18,8,10,21,25,38,50
2003-01-22,26,37,40,47,52,58
2003-01-25,4,13,17,27,39,50
2003-01-29,16,17,28,30,36,54
2003-02-01,4,10,17,24,30,54
2003-02-05,10,11,17,31,37,43
2003-02-08,1,6,7,29,48,57
2003-02-12,7,10,30,44,54,59
2003-02-15,3,5,11,14,38,48
2003-02-19,13,20,29,42,43,57
2003-02-22,3,5,23,30,46,47
2003-02-26,2,10,15,21,58,59
2003-03-01,6,15,23,31,37,59
2003-03-08,11,17,26,36,48,52
2003-03-12,3,24,33,48,52,57
2003-03-15,7,20,31,32,50,53
2003-03-19,8,11,12,17,20,47
2003-03-22,15,24,25,33,42,55
2003-03-26,3,5,9,45,51,52
2003-03-29,1,8,24,34,49,56
2003-04-02,1,9,13,50,51,59
2003-04-05,17,18,23,28,31,53
2003-04-09,11,16,30,36,51,54
2003-04-12,8,20,23,34,52,58
2003-04-16,4,17,24,42,46,56
2003-04-19,2,14,15,17,50,59
2003-04-23,3,17,22,27,33,40
2003-04-26,15,17,24,27,32,48
2003-04-30,13,24,32,34,43,53
2003-05-03,8,15,17,39,43,49
2003-05-07,19,23,30,37,49,55
2003-05-10,15,17,20,29,30,60
2003-05-14,17,19,22,26,27,48
2003-05-17,2,3,7,18,45,53
2003-05-21,6,24,33,38,45,50
2003-05-24,1,22,31,46,51,57
2003-05-28,11,16,28,29,30,45
2003-05-31,8,18,21,22,38,60
2003-06-04,5,6,23,25,39,51
2003-06-07,13,21,26,29,42,47
2003-06-11,8,11,23,37,51,58
2003-06-14,5,31,32,36,51,59
2003-06-18,3,4,12,29,38,51
2003-06-21,7,23,41,49,51,58
2003-06-25,3,12,32,34,40,50
2003-06-28,6,8,19,22,43,52
2003-07-02,17,20,38,43,55,58
2003-07-05,6,8,18,34,38,47
2003-07-09,3,8,21,25,30,31
2003-07-12,20,26,41,46,54,58
2003-07-16,14,33,36,38,41,49
2003-07-19,6,13,22,24,42,44
2003-07-23,12,13,33,53,54,56
2003-07-26,16,18,23,35,44,59
2003-07-30,17,18,19,38,49,53
2003-08-02,19,28,30,38,52,57
2003-08-06,8,14,19,30,42,50
2003-08-09,8,22,25,48,52,54
2003-08-13,15,30,35,39,43,57
2003-08-16,17,28,33,36,53,59
2003-08-20,5,11,23,29,54,58
2003-08-23,1,9,15,22,43,55
2003-08-27,2,6,15,18,56,57
2003-08-30,3,18,20,24,42,54
2003-09-03,18,20,28,32,49,53
2003-09-06,8,15,29,36,49,60
2003-09-10,10,19,20,29,41,59
2003-09-13,9,13,20,32,41,58
2003-09-17,2,6,28,49,50,57
2003-09-20,1,4,5,11,44,59
2003-09-27,21,29,35,36,38,54
2003-10-01,16,27,28,34,39,56
2003-10-04,7,13,21,24,33,50
2003-10-08,7,10,21,27,48,49
2003-10-11,8,11,19,30,39,50
2003-10-15,3,20,28,46,47,52
2003-10-18,4,15,31,34,37,38
2003-10-22,3,5,27,33,44,58
2003-10-25,5,10,15,45,46,56
2003-10-29,28,32,33,34,35,55
2003-11-01,1,4,30,41,45,58
2003-11-05,3,4,8,34,36,37
2003-11-08,4,8,31,40,53,58
2003-11-12,10,19,27,33,39,46
2003-11-15,15,36,40,42,51,52
2003-11-19,15,16,39,45,48,57
2003-11-22,5,13,24,33,34,35
2003-11-26,7,8,28,32,38,51
2003-11-29,5,8,10,15,18,44
2003-12-03,9,15,19,22,36,42
2003-12-06,9,12,17,32,34,35
2003-12-10,15,25,28,32,38,45
2003-12-13,6,14,15,25,49,52
2003-12-17,28,39,40,44,45,58
2003-12-20,19,29,34,41,47,48
2003-12-27,8,10,24,26,32,49
2004-01-03,3,21,31,36,55,59
2004-01-07,6,14,17,26,50,52
2004-01-10,8,12,28,31,34,37
2004-01-14,1,13,33,38,45,56
2004-01-17,1,6,21,25,32,49
2004-01-21,1,3,7,18,35,50
2004-01-24,4,9,12,13,52,53
2004-01-28,13,18,21,27,53,59
2004-01-31,3,8,23,31,48,57
2004-02-04,6,14,28,47,49,56
2004-02-07,14,15,22,23,25,37
2004-02-11,3,7,19,34,37,39
2004-02-14,3,25,43,45,52,56
2004-02-18,6,16,19,47,50,55
2004-02-21,4,22,28,30,44,49
2004-02-28,13,27,49,52,57,58
2004-03-03,4,6,19,28,35,49
2004-03-06,35,37,42,46,49,54
2004-03-10,11,17,33,34,47,56
2004-03-13,17,29,35,40,43,57
2004-03-17,4,5,13,17,46,54
2004-03-20,4,13,28,30,53,59
2004-03-24,14,47,49,51,58,59
2004-03-27,8,13,22,46,51,58
2004-03-31,16,17,38,39,45,56
2004-04-03,12,21,46,48,56,57
2004-04-07,9,22,47,49,52,54
2004-04-10,4,43,46,53,54,58
2004-04-14,15,29,31,42,47,60
2004-04-17,5,23,31,33,45,49
2004-04-21,8,10,17,30,33,45
2004-04-24,8,12,18,23,38,49
2004-04-28,7,14,31,57,58,59
2004-05-01,6,13,17,25,36,53
2004-05-05,2,11,18,30,32,58
2004-05-08,1,20,36,39,49,55
2004-05-12,16,23,35,37,55,57
2004-05-15,5,8,23,34,44,51
2004-05-19,10,13,20,32,38,49
2004-05-22,7,31,34,35,37,45
2004-05-26,6,13,17,18,20,37
2004-05-29,11,31,38,41,57,58
2004-06-02,13,17,22,25,29,41
2004-06-05,3,9,14,15,32,57
2004-06-09,15,32,33,35,36,51
2004-06-12,12,13,14,31,50,51
2004-06-16,3,9,16,20,33,60
2004-06-19,6,17,22,29,40,59
2004-06-23,2,10,17,23,32,44
2004-06-26,5,18,21,29,35,48
2004-06-30,7,8,18,39,43,52
2004-07-03,8,23,24,28,31,47
2004-07-07,3,18,23,48,56,58
2004-07-10,4,9,15,17,34,39
2004-07-14,15,16,18,28,38,47
2004-07-17,14,17,25,30,39,52
2004-07-21,13,29,40,45,51,59
2004-07-24,6,7,20,41,43,55
2004-07-28,7,8,23,30,32,53
2004-07-31,12,24,33,36,39,57
2004-08-04,11,13,38,39,45,54
2004-08-07,2,18,29,30,36,60
2004-08-11,11,13,45,46,53,55
2004-08-14,6,7,8,13,33,59
2004-08-18,4,5,18,25,28,51
2004-08-21,1,3,18,34,50,58
2004-08-25,13,14,42,47,55,59
2004-08-28,1,25,27,29,49,59
2004-09-01,10,13,29,47,53,55
2004-09-04,1,2,25,43,50,54
2004-09-08,11,14,28,43,54,60
2004-09-11,22,27,29,40,42,56
2004-09-15,5,16,34,38,50,53
2004-09-18,4,6,9,23,45,51
2004-09-22,16,18,31,34,39,54
2004-09-25,10,19,22,29,30,37
2004-09-29,7,13,38,46,55,60
2004-10-02,4,8,11,12,29,44
2004-10-06,15,25,41,46,49,51
2004-10-09,4,24,44,49,52,53
2004-10-13,6,23,32,35,41,55
2004-10-16,6,11,19,27,41,59
2004-10-20,6,13,19,24,30,37
2004-10-23,2,6,15,58,59,60
2004-10-27,25,30,43,45,47,49
2004-10-30,16,21,22,33,48,49
2004-11-03,15,18,33,50,53,55
2004-11-06,6,13,19,44,54,55
2004-11-10,12,16,31,48,57,60
2004-11-13,5,8,10,27,31,51
2004-11-17,2,12,16,24,26,54
2004-11-20,3,5,25,33,36,49
2004-11-24,3,8,10,13,24,60
2004-11-27,8,12,14,16,19,46
2004-12-01,1,3,13,22,29,32
2004-12-04,26,29,31,49,50,57
2004-12-08,19,27,29,38,50,59
2004-12-11,9,23,30,42,49,55
2004-12-15,8,23,34,39,43,52
2004-12-18,12,24,32,40,42,59
2004-12-22,7,8,18,22,39,49
2004-12-29,1,13,19,45,56,58
2005-01-05,8,16,22,30,56,58
2005-01-08,15,16,39,40,47,51
2005-01-12,12,16,20,45,53,60
2005-01-15,1,20,28,32,44,47
2005-01-19,2,19,28,48,51,54
2005-01-22,5,11,22,27,46,50
2005-01-26,10,13,24,41,42,56
2005-01-29,8,20,26,37,42,49
2005-02-02,26,28,30,32,34,50
2005-02-05,11,18,43,48,52,58
2005-02-12,10,11,36,41,42,50
2005-02-16,13,35,39,45,51,60
2005-02-19,12,19,42,46,59,60
2005-02-23,1,9,13,17,33,34
2005-02-26,17,36,40,44,51,56
2005-03-02,14,24,37,40,42,45
2005-03-05,14,27,29,31,34,57
2005-03-09,3,24,48,52,53,54
2005-03-12,10,13,32,47,49,60
2005-03-16,11,12,14,19,54,56
2005-03-19,5,23,29,42,45,48
2005-03-23,9,24,33,41,48,54
2005-03-26,10,24,25,29,53,59
2005-03-30,26,28,39,45,48,60
2005-04-02,10,18,20,24,56,57
2005-04-06,5,9,19,24,31,34
2005-04-09,6,10,11,40,41,56
2005-04-13,1,26,37,39,43,48
2005-04-16,35,36,37,46,51,59
2005-04-20,16,20,33,58,59,60
2005-04-23,3,6,11,20,36,41
2005-04-27,14,29,34,40,51,52
2005-04-30,5,11,38,46,53,54
2005-05-04,4,27,36,40,42,55
2005-05-07,4,18,23,25,56,60
2005-05-11,1,27,30,49,51,55
2005-05-14,1,12,36,38,55,59
2005-05-18,7,8,18,25,47,48
2005-05-21,7,16,26,29,45,55
2005-05-25,1,4,5,16,23,49
2005-05-28,1,2,14,33,49,56
2005-06-01,7,24,27,40,41,49
2005-06-04,22,37,42,48,58,59
2005-06-08,9,16,27,38,39,51
2005-06-11,24,28,34,38,43,53
2005-06-15,6,11,20,34,37,40
2005-06-18,18,22,29,32,38,42
2005-06-22,24,25,30,42,43,50
2005-06-25,9,15,32,41,42,49
2005-06-29,8,10,25,32,48,55
2005-07-02,14,31,40,42,44,46
2005-07-06,3,21,25,37,54,58
2005-07-09,2,3,5,22,26,44
2005-07-13,21,25,38,53,58,59
2005-07-16,4,27,36,37,47,60
2005-07-20,2,11,12,35,40,43
2005-07-23,17,19,33,37,40,50
2005-07-27,5,12,27,33,43,56
2005-07-30,4,5,15,26,33,54
2005-08-03,1,7,14,41,48,59
2005-08-06,11,21,30,35,47,52
2005-08-10,6,7,31,49,51,60
2005-08-13,8,12,15,41,47,53
2005-08-17,8,16,37,50,55,58
2005-08-20,11,18,33,57,58,60
2005-08-24,13,14,17,31,41,50
2005-08-27,15,19,29,37,41,53
2005-08-31,6,11,13,21,40,52
2005-09-03,9,16,34,37,53,57
2005-09-10,28,31,32,35,51,53
2005-09-14,8,12,22,27,43,55
2005-09-19,17,23,48,50,53,54
2005-09-21,2,3,14,24,31,40
2005-09-24,1,13,23,31,48,60
2005-09-28,1,18,45,56,57,58
2005-10-01,2,11,24,27,30,45
2005-10-05,2,4,18,27,34,50
2005-10-08,3,11,13,15,26,43
2005-10-15,2,7,10,17,22,60
2005-10-19,1,8,10,36,43,51
2005-10-22,7,9,13,39,45,47
2005-10-26,4,6,9,22,29,44
2005-10-29,5,25,34,39,46,49
2005-11-05,5,10,33,40,41,59
2005-11-09,7,8,35,43,53,58
2005-11-12,1,12,16,26,46,54
2005-11-16,7,8,17,35,39,53
2005-11-19,4,12,24,33,36,54
2005-11-23,2,7,16,29,32,50
2005-11-26,6,17,23,28,35,41
2005-11-30,7,21,33,35,39,58
2005-12-03,3,32,37,39,47,53
2005-12-07,12,31,44,51,54,56
2005-12-10,3,14,23,25,36,55
2005-12-14,9,18,36,44,57,60
2005-12-17,1,6,16,36,50,52
2005-12-21,17,27,34,48,51,55
2005-12-31,3,9,35,37,41,49
2006-01-04,1,5,7,37,40,47
2006-01-07,4,12,14,30,42,59
2006-01-11,8,13,24,32,42,44
2006-01-14,5,18,33,43,56,57
2006-01-18,2,15,16,45,50,54
2006-01-21,6,15,16,23,28,35
2006-01-25,6,17,19,49,50,53
2006-01-28,2,12,26,31,43,46
2006-02-01,27,29,43,44,45,54
2006-02-04,9,15,38,40,42,52
2006-02-08,1,21,38,41,49,56
2006-02-11,11,12,24,32,33,38
2006-02-15,14,15,26,30,42,54
2006-02-18,6,10,35,45,49,56
2006-02-22,12,16,28,29,47,50
2006-02-25,24,26,27,36,39,59
2006-03-01,2,7,17,34,41,50
2006-03-04,20,23,25,32,54,60
2006-03-08,4,12,23,26,39,46
2006-03-11,2,16,21,37,43,57
2006-03-15,1,10,12,25,49,57
2006-03-18,2,3,12,21,23,56
2006-03-22,1,2,7,19,35,51
2006-03-25,4,24,47,48,50,57
2006-03-29,10,17,33,42,54,58
2006-04-01,4,7,20,25,38,50
2006-04-05,4,23,24,25,29,42
2006-04-08,2,7,22,35,43,59
2006-04-12,3,4,13,34,42,50
2006-04-15,4,12,30,47,49,59
2006-04-19,5,27,37,38,41,50
2006-04-22,12,17,18,30,32,58
2006-04-26,1,23,36,43,47,59
2006-04-29,30,31,39,45,48,59
2006-05-03,12,17,44,45,46,60
2006-05-06,13,17,27,29,40,56
2006-05-10,9,12,21,37,39,54
2006-05-13,1,9,26,40,47,48
2006-05-18,3,7,45,47,53,55
2006-05-21,3,10,16,30,37,50
2006-05-24,1,19,24,42,50,58
2006-05-27,15,22,32,38,50,54
2006-05-31,4,8,30,33,37,59
2006-06-03,12,16,20,21,29,50
2006-06-07,4,12,25,34,35,48
2006-06-10,14,21,29,34,46,47
2006-06-14,10,35,38,51,52,60
2006-06-17,3,5,14,29,34,51
2006-06-21,5,10,37,46,54,58
2006-06-24,12,27,42,46,47,50
2006-06-28,3,15,35,41,57,60
2006-07-01,2,14,23,28,50,56
2006-07-05,20,31,36,37,45,51
2006-07-08,25,26,29,36,52,54
2006-07-12,7,10,28,50,51,59
2006-07-15,8,10,13,39,54,56
2006-07-19,2,11,23,35,42,59
2006-07-22,4,8,21,32,43,48
2006-07-26,8,27,37,42,53,56
2006-07-29,5,8,17,35,37,48
2006-08-02,10,11,26,27,31,41
2006-08-05,20,31,34,37,54,60
2006-08-09,17,19,29,31,44,57
2006-08-12,6,31,38,39,50,60
2006-08-16,2,6,19,22,28,43
2006-08-19,9,14,19,35,42,58
2006-08-23,9,29,34,43,45,56
2006-08-26,3,15,16,33,51,57
2006-08-30,3,38,42,47,55,56
2006-09-02,14,21,26,29,36,48
2006-09-06,5,19,24,34,39,43
2006-09-09,6,12,47,48,52,58
2006-09-13,3,4,9,29,32,52
2006-09-16,19,29,35,42,55,57
2006-09-20,1,7,11,37,38,56
2006-09-23,11,19,20,22,42,48
2006-09-27,6,14,18,24,48,60
2006-09-30,3,5,10,21,28,57
2006-10-04,3,13,37,47,56,59
2006-10-07,2,30,36,43,48,60
2006-10-12,18,26,35,41,47,60
2006-10-14,2,8,27,32,49,56
2006-10-18,2,15,21,31,46,57
2006-10-21,5,11,15,23,25,30
2006-10-25,1,4,5,33,37,48
2006-10-28,10,28,32,41,47,57
2006-11-01,11,13,38,39,54,57
2006-11-04,9,15,23,45,46,56
2006-11-08,2,8,11,41,46,50
2006-11-11,9,19,37,39,50,57
2006-11-16,20,21,30,40,47,52
2006-11-18,10,29,30,34,43,52
2006-11-22,8,9,22,25,41,44
2006-11-25,5,19,25,46,51,58
2006-11-29,10,17,21,32,45,46
2006-12-02,4,29,33,36,38,42
2006-12-06,4,10,17,27,41,52
2006-12-09,1,15,26,51,54,59
2006-12-13,6,7,9,20,33,48
2006-12-16,10,21,28,40,41,47
2006-12-19,6,7,8,27,45,53
2006-12-21,18,24,30,42,51,56
2006-12-23,23,28,38,42,50,53
2006-12-31,10,14,32,47,50,56
2007-01-03,2,13,41,49,51,53
2007-01-06,3,32,33,42,48,50
2007-01-10,15,17,23,33,39,49
2007-01-13,13,16,46,53,57,58
2007-01-17,10,16,17,34,44,51
2007-01-20,18,31,33,49,57,58
2007-01-24,17,22,28,38,52,59
2007-01-27,5,6,16,24,34,60
2007-01-31,9,23,30,38,44,47
2007-02-03,7,8,11,18,37,43
2007-02-07,17,29,31,35,43,59
2007-02-10,7,22,32,36,38,51
2007-02-14,7,9,30,44,51,60
2007-02-17,1,16,34,36,45,48
2007-02-24,16,24,34,44,54,57
2007-02-28,14,19,20,40,48,52
2007-03-03,2,3,44,47,50,54
2007-03-07,14,15,27,42,44,48
2007-03-10,17,27,32,34,47,56
2007-03-14,8,9,39,44,49,58
2007-03-17,7,22,25,44,59,60
2007-03-21,3,16,19,32,35,58
2007-03-24,6,14,23,34,38,44
2007-03-28,30,38,46,51,56,59
2007-03-31,3,17,24,25,27,44
2007-04-04,3,24,31,42,43,53
2007-04-07,11,15,40,41,42,47
2007-04-11,2,3,17,49,50,59
2007-04-14,4,18,23,31,37,54
2007-04-18,9,12,34,46,47,57
2007-04-23,2,8,17,22,42,44
2007-04-25,39,40,42,47,59,60
2007-04-28,2,8,11,12,19,35
2007-05-02,15,24,32,50,53,57
2007-05-05,8,11,31,33,42,57
2007-05-09,23,26,27,41,51,53
2007-05-12,5,27,36,40,46,48
2007-05-16,10,19,26,28,44,54
2007-05-19,21,22,25,40,51,57
2007-05-23,27,29,42,49,50,51
2007-05-26,8,21,34,40,43,52
2007-05-30,1,5,10,17,47,58
2007-06-02,5,18,31,43,55,58
2007-06-06,4,19,30,34,57,59
2007-06-09,10,20,42,44,52,59
2007-06-13,18,20,24,36,53,58
2007-06-16,4,8,12,41,45,60
2007-06-20,13,15,20,28,31,36
2007-06-23,11,12,37,38,43,54
2007-06-27,10,28,29,35,42,46
2007-06-30,25,30,37,46,49,51
2007-07-04,4,18,24,43,51,56
2007-07-07,17,41,42,44,45,60
2007-07-11,21,32,37,52,53,60
2007-07-14,2,11,12,14,22,39
2007-07-18,4,13,31,33,47,51
2007-07-21,17,33,37,50,55,59
2007-07-25,1,12,21,32,34,44
2007-07-28,24,40,50,52,54,60
2007-08-01,20,24,34,39,54,60
2007-08-04,7,9,17,21,22,54
2007-08-08,15,16,19,22,34,35
2007-08-11,1,19,42,44,49,52
2007-08-15,3,18,26,51,53,56
2007-08-18,20,24,28,37,41,44
2007-08-22,2,41,43,55,57,58
2007-08-25,5,11,22,31,35,41
2007-08-29,7,21,22,43,46,57
2007-09-01,3,4,8,30,45,54
2007-09-05,18,20,36,53,54,58
2007-09-08,4,18,21,34,38,59
2007-09-12,13,16,32,33,34,56
2007-09-15,18,23,50,52,55,58
2007-09-19,5,17,20,32,41,55
2007-09-22,32,44,48,51,53,59
2007-09-26,2,4,15,16,55,57
2007-09-29,7,14,24,29,35,39
2007-10-03,9,36,37,41,51,53
2007-10-06,1,9,19,25,50,52
2007-10-10,17,22,26,28,38,42
2007-10-13,3,15,27,29,36,53
2007-10-17,1,6,28,29,46,49
2007-10-20,4,19,21,26,29,54
2007-10-24,14,30,36,38,46,59
2007-10-27,9,12,23,33,45,51
2007-10-31,17,20,26,28,48,49
2007-11-03,5,28,33,36,37,38
2007-11-07,23,25,30,46,47,59
2007-11-10,4,8,12,38,44,52
2007-11-14,3,25,31,41,43,60
2007-11-17,5,17,24,52,55,57
2007-11-21,1,9,35,41,48,57
2007-11-24,12,13,19,41,45,49
2007-11-28,2,15,39,50,53,57
2007-12-01,2,20,21,27,51,60
2007-12-05,8,22,36,37,46,52
2007-12-08,21,33,34,40,41,59
2007-12-12,19,23,26,31,33,36
2007-12-15,4,10,32,33,49,60
2007-12-19,16,27,35,39,49,57
2007-12-22,20,28,37,46,49,55
2007-12-31,7,17,19,34,36,39
2008-01-05,2,17,21,36,42,53
2008-01-09,8,14,25,39,45,51
2008-01-12,1,3,21,25,44,48
2008-01-16,7,13,18,29,31,45
2008-01-19,5,14,22,29,33,44
2008-01-23,2,21,22,30,41,52
2008-01-26,15,27,35,50,57,59
2008-01-30,6,19,23,37,49,50
2008-02-02,5,25,31,33,37,51
2008-02-06,10,11,15,27,53,60
2008-02-09,5,8,18,42,52,59
2008-02-13,3,12,23,41,47,58
2008-02-16,16,37,43,52,58,59
2008-02-20,4,8,27,44,54,59
2008-02-23,1,5,12,47,52,59
2008-02-27,3,5,11,14,33,58
2008-03-01,22,41,44,46,52,54
2008-03-05,1,23,41,44,51,52
2008-03-08,23,41,42,48,49,59
2008-03-12,14,24,34,39,49,55
2008-03-15,2,11,18,27,30,54
2008-03-19,1,16,39,42,48,55
2008-03-22,5,8,18,24,33,57
2008-03-26,5,12,21,32,33,35
2008-03-29,46,47,51,54,57,59
2008-04-02,24,25,32,34,50,57
2008-04-05,7,13,22,33,48,51
2008-04-09,3,5,11,33,39,57
2008-04-12,6,18,19,33,34,53
2008-04-16,2,4,16,21,36,53
2008-04-19,2,11,40,48,49,55
2008-04-23,15,17,37,48,50,59
2008-04-26,8,13,20,26,33,42
2008-04-30,5,30,36,39,57,58
2008-05-03,1,4,26,28,41,58
2008-05-07,5,13,14,18,30,57
2008-05-10,1,4,13,30,51,60
2008-05-14,13,25,35,41,50,56
2008-05-17,5,21,28,34,54,57
2008-05-21,4,11,14,33,44,45
2008-05-24,15,18,31,33,34,56
2008-05-28,1,8,30,36,47,53
2008-05-31,12,16,20,31,38,45
2008-06-04,9,30,33,37,40,41
2008-06-07,14,23,25,28,38,53
2008-06-11,3,5,7,9,17,32
2008-06-14,12,16,18,27,42,58
2008-06-18,3,15,28,31,39,51
2008-06-21,15,17,29,35,36,59
2008-06-25,1,8,34,41,53,58
2008-06-28,8,12,24,40,43,49
2008-07-02,16,22,32,38,40,45
2008-07-05,4,10,20,43,46,47
2008-07-09,4,16,18,46,56,59
2008-07-12,6,15,19,24,31,32
2008-07-16,13,27,31,34,47,58
2008-07-19,8,17,46,48,56,60
2008-07-23,2,21,27,29,32,38
2008-07-26,2,10,15,18,29,39
2008-07-30,8,9,15,38,41,60
2008-08-02,1,4,6,8,25,28
2008-08-06,5,24,25,26,42,60
2008-08-09,3,20,29,40,44,58
2008-08-13,4,16,31,36,54,55
2008-08-16,7,15,20,21,23,29
2008-08-20,9,17,18,32,53,55
2008-08-23,3,4,21,22,28,32
2008-08-27,18,24,36,44,55,58
2008-08-30,29,38,39,49,53,58
2008-09-03,12,15,27,37,51,60
2008-09-06,3,7,25,31,40,58
2008-09-10,5,10,16,23,26,27
2008-09-13,29,40,43,44,45,47
2008-09-17,4,6,12,37,41,42
2008-09-20,2,4,17,33,48,55
2008-09-24,4,27,36,37,49,52
2008-09-27,7,13,15,34,42,48
2008-10-01,1,6,12,29,34,58
2008-10-04,2,3,13,37,46,54
2008-10-08,2,11,21,30,35,52
2008-10-11,14,19,40,47,55,58
2008-10-15,7,9,12,19,20,41
2008-10-18,8,9,25,41,57,60
2008-10-22,3,8,17,26,28,49
2008-10-25,5,9,11,20,25,60
2008-10-29,6,19,31,34,51,56
2008-11-01,9,24,44,51,55,58
2008-11-05,4,13,23,29,46,47
2008-11-08,1,2,19,32,39,52
2008-11-12,2,33,42,43,51,55
2008-11-16,5,21,31,39,40,56
2008-11-19,2,7,8,18,40,45
2008-11-22,18,22,28,29,39,53
2008-11-26,10,27,28,29,40,52
2008-11-29,6,10,17,33,51,53
2008-12-03,18,20,33,44,47,60
2008-12-06,20,26,34,51,52,54
2008-12-10,5,16,17,20,24,32
2008-12-13,1,8,23,37,54,57
2008-12-17,24,33,40,43,46,49
2008-12-20,15,16,26,29,43,57
2008-12-24,5,6,17,33,39,54
2008-12-27,1,3,18,20,42,49
2008-12-31,1,11,26,51,59,60
2009-01-03,10,27,36,39,41,52
2009-01-07,4,36,44,46,53,56
2009-01-10,6,7,28,35,43,51
2009-01-14,2,20,24,27,36,52
2009-01-17,1,6,28,39,44,55
2009-01-21,10,12,36,44,54,57
2009-01-24,13,18,25,30,46,51
2009-01-28,14,21,25,48,51,60
2009-01-31,10,11,13,35,39,58
2009-02-04,1,5,6,17,31,50
2009-02-07,28,40,42,54,55,57
2009-02-11,1,2,8,10,14,48
2009-02-14,3,16,21,28,38,57
2009-02-18,2,5,17,29,34,52
2009-02-21,14,24,26,33,45,60
2009-02-25,7,10,11,13,43,57
2009-02-28,8,11,15,16,52,57
2009-03-04,15,27,34,42,49,53
2009-03-07,13,14,18,27,41,60
2009-03-11,12,15,16,20,27,32
2009-03-14,6,8,38,50,53,59
2009-03-18,2,3,4,15,49,59
2009-03-21,18,20,24,45,51,57
2009-03-25,1,12,14,16,37,45
2009-03-28,1,3,16,18,41,42
2009-04-01,9,21,23,30,41,56
2009-04-04,2,8,23,33,37,55
2009-04-08,1,22,44,47,49,50
2009-04-11,4,16,19,28,29,49
2009-04-15,7,19,30,39,43,57
2009-04-18,6,10,25,32,43,49
2009-04-22,4,10,14,25,28,56
2009-04-25,25,27,44,47,48,57
2009-04-29,9,17,28,45,49,53
2009-05-02,5,8,16,23,41,53
2009-05-06,5,7,37,43,53,54
2009-05-09,9,18,19,43,47,54
2009-05-13,8,25,32,34,36,44
2009-05-16,3,10,23,29,47,50
2009-05-20,10,12,16,21,39,53
2009-05-23,4,10,19,32,33,42
2009-05-27,5,6,9,11,18,37
2009-05-30,3,6,34,41,43,45
2009-06-03,5,12,24,28,36,37
2009-06-06,11,18,20,34,41,56
2009-06-10,9,16,24,29,52,56
2009-06-13,4,17,38,40,50,55
2009-06-17,10,20,23,28,42,43
2009-06-20,5,20,29,33,40,59
2009-06-24,12,21,39,40,50,55
2009-06-27,2,4,6,10,23,45
2009-07-01,3,20,28,32,36,46
2009-07-04,6,24,31,35,42,57
2009-07-08,2,18,20,32,37,48
2009-07-11,9,20,24,36,40,42
2009-07-15,17,23,24,27,49,56
2009-07-18,1,9,30,33,34,40
2009-07-22,19,23,27,38,41,49
2009-07-25,9,10,21,36,41,48
2009-07-29,10,16,21,23,27,36
2009-08-01,3,13,14,16,41,52
2009-08-05,1,17,21,33,48,56
2009-08-08,11,20,21,30,50,52
2009-08-12,14,31,35,38,44,55
2009-08-15,7,17,18,33,41,42
2009-08-19,6,7,10,12,24,57
2009-08-22,9,11,23,35,46,51
2009-08-26,10,19,28,41,55,56
2009-08-29,2,3,6,35,49,58
2009-09-02,1,15,28,43,50,57
2009-09-05,4,15,43,47,50,60
2009-09-09,3,9,20,36,53,54
2009-09-12,7,9,39,43,44,60
2009-09-16,6,8,11,14,29,52
2009-09-19,6,14,26,28,42,45
2009-09-23,4,9,25,32,33,43
2009-09-26,4,32,34,43,52,58
2009-09-30,3,6,29,36,47,59
2009-10-03,3,15,16,22,25,54
2009-10-07,18,30,37,41,44,50
2009-10-10,4,9,13,17,20,47
2009-10-14,1,6,17,27,35,40
2009-10-17,8,20,21,43,44,55
2009-10-21,10,34,41,44,45,54
2009-10-24,7,35,40,44,50,55
2009-10-28,4,17,18,54,56,59
2009-10-31,26,44,46,49,55,56
2009-11-04,4,14,19,39,45,60
2009-11-07,7,11,16,18,33,49
2009-11-11,3,7,29,33,42,56
2009-11-14,4,31,42,52,57,59
2009-11-18,5,8,14,24,29,30
2009-11-21,8,16,24,39,52,60
2009-11-25,12,17,19,32,47,55
2009-11-28,5,18,23,32,49,54
2009-12-02,1,8,16,34,36,49
2009-12-05,12,27,30,33,52,55
2009-12-09,5,10,16,21,39,58
2009-12-12,9,22,29,36,51,56
2009-12-16,4,5,6,19,23,39
2009-12-19,7,31,32,34,37,43
2009-12-22,19,21,25,28,43,50
2009-12-24,2,4,15,18,25,36
2009-12-26,9,28,31,36,37,42
2009-12-31,10,27,40,46,49,58
2010-01-02,9,37,40,50,58,60
2010-01-06,3,15,26,28,31,58
2010-01-09,3,30,35,44,47,60
2010-01-13,1,10,18,19,44,49
2010-01-16,3,16,19,24,33,60
2010-01-20,6,10,28,33,34,53
2010-01-23,6,23,31,33,39,52
2010-01-27,27,28,29,32,48,55
2010-01-30,7,8,23,36,46,54
2010-02-03,15,17,28,31,35,52
2010-02-06,1,4,14,21,25,51
2010-02-10,14,20,29,36,44,47
2010-02-13,6,17,19,34,46,55
2010-02-17,4,12,14,21,26,28
2010-02-20,20,28,40,41,51,58
2010-02-24,9,24,31,44,48,49
2010-02-27,9,29,41,43,46,49
2010-03-03,23,30,31,54,55,60
2010-03-06,5,6,34,46,53,55
2010-03-10,1,3,5,18,40,48
2010-03-13,4,7,42,47,48,51
2010-03-17,18,22,25,30,31,41
2010-03-20,5,17,31,47,51,53
2010-03-24,6,14,17,26,40,49
2010-03-27,20,40,42,52,54,60
2010-03-31,22,28,30,31,35,54
2010-04-03,20,28,43,51,52,56
2010-04-07,4,5,20,47,53,56
2010-04-10,1,11,14,23,42,48
2010-04-14,11,13,27,34,46,49
2010-04-17,3,10,13,30,41,57
2010-04-20,6,12,28,43,52,56
2010-04-24,5,7,24,25,36,47
2010-04-28,6,7,39,47,51,52
2010-04-30,2,3,12,16,37,47
2010-05-05,11,14,21,30,33,49
2010-05-08,33,38,47,50,52,55
2010-05-12,1,22,30,45,50,53
2010-05-15,5,22,28,47,59,60
2010-05-19,12,30,34,44,57,60
2010-05-22,18,20,26,31,44,45
2010-05-26,2,4,29,52,56,60
2010-05-29,5,10,12,20,29,37
2010-06-02,4,9,23,27,28,30
2010-06-05,2,10,21,35,43,54
2010-06-09,7,8,12,13,15,41
2010-06-12,8,17,19,40,43,49
2010-06-16,9,20,44,52,59,60
2010-06-19,14,21,27,31,35,50
2010-06-23,10,11,19,37,53,56
2010-06-26,3,11,16,22,25,33
2010-06-30,17,20,49,52,57,59
2010-07-03,2,9,12,14,32,54
2010-07-07,6,13,24,41,50,53
2010-07-10,17,20,26,27,55,57
2010-07-14,3,6,19,20,58,60
2010-07-17,36,37,39,49,54,60
2010-07-21,22,29,36,41,48,58
2010-07-24,16,19,23,28,39,58
2010-07-28,3,10,11,39,54,56
2010-07-31,28,32,36,49,55,60
2010-08-04,8,9,11,48,53,60
2010-08-07,7,9,30,33,38,55
2010-08-11,5,10,25,39,43,52
2010-08-14,4,13,14,26,29,35
2010-08-18,2,6,11,36,37,48
2010-08-21,9,11,22,32,35,56
2010-08-25,1,12,20,26,45,54
2010-08-28,5,14,17,30,35,38
2010-09-01,3,7,9,10,31,34
2010-09-04,3,15,31,36,48,54
2010-09-08,2,23,33,35,40,50
2010-09-11,3,11,26,34,45,53
2010-09-15,5,29,30,36,41,48
2010-09-18,10,25,30,47,50,51
2010-09-22,4,7,13,25,27,58
2010-09-25,5,11,15,28,43,50
2010-09-29,10,23,29,31,33,46
2010-10-02,2,33,34,37,41,53
2010-10-06,5,15,43,48,52,55
2010-10-09,5,14,37,43,46,58
2010-10-13,5,8,19,26,48,57
2010-10-16,15,17,35,42,47,48
2010-10-20,19,21,27,41,53,57
2010-10-23,31,32,34,40,50,55
2010-10-27,10,31,40,50,55,56
2010-10-30,4,28,30,31,35,54
2010-11-03,10,23,36,50,52,60
2010-11-06,12,30,32,40,49,60
2010-11-10,9,12,19,22,35,37
2010-11-13,5,20,23,27,39,49
2010-11-17,8,11,12,15,18,22
2010-11-20,22,29,32,49,54,59
2010-11-24,3,5,19,24,30,35
2010-11-27,10,16,20,26,49,55
2010-12-01,3,8,17,20,38,53
2010-12-04,5,18,21,26,39,59
2010-12-08,13,14,24,39,40,45
2010-12-11,1,15,37,39,48,52
2010-12-15,8,9,12,22,42,49
2010-12-18,10,13,25,26,28,45
2010-12-20,11,34,45,48,51,54
2010-12-22,9,19,23,29,32,57
2010-12-24,2,8,15,25,34,45
2010-12-31,2,10,34,37,43,50
2011-01-05,10,37,40,43,57,59
2011-01-08,3,9,11,24,36,51
2011-01-12,20,33,34,57,58,60
2011-01-15,3,8,36,40,51,53
2011-01-19,1,2,24,40,51,59
2011-01-22,5,27,34,46,48,52
2011-01-26,2,14,35,39,49,51
2011-01-29,2,17,23,43,44,51
2011-02-02,7,9,14,18,29,39
2011-02-05,5,23,38,39,51,54
2011-02-09,26,33,35,38,43,53
2011-02-12,2,15,26,27,30,52
2011-02-16,11,26,47,55,57,59
2011-02-19,4,6,39,46,54,58
2011-02-23,19,23,29,31,41,53
2011-02-26,10,14,22,41,42,53
2011-03-02,5,7,8,9,11,39
2011-03-05,4,18,26,36,41,53
2011-03-09,4,17,36,37,51,56
2011-03-12,13,19,24,46,50,60
2011-03-16,6,10,33,39,42,60
2011-03-19,4,20,30,41,47,58
2011-03-23,3,16,17,44,53,60
2011-03-26,4,5,15,17,27,51
2011-03-30,5,9,24,31,33,42
2011-04-02,1,2,39,48,52,59
2011-04-06,13,26,27,28,35,52
2011-04-09,13,19,26,40,58,60
2011-04-13,13,17,21,39,40,59
2011-04-16,2,14,48,55,58,60
2011-04-20,5,9,11,22,36,40
2011-04-23,12,18,31,50,59,60
2011-04-27,4,16,24,25,30,56
2011-04-30,8,14,29,35,36,40
2011-05-04,6,10,16,20,29,54
2011-05-07,8,11,14,30,36,38
2011-05-11,4,23,39,52,55,56
2011-05-14,8,30,40,44,59,60
2011-05-18,20,21,26,29,31,36
2011-05-21,10,15,28,31,33,38
2011-05-25,2,5,28,33,51,52
2011-05-28,11,12,31,33,42,52
2011-06-01,17,30,32,40,42,56
2011-06-04,1,3,8,13,27,52
2011-06-08,2,3,14,23,34,50
2011-06-11,18,40,47,54,57,58
2011-06-15,9,11,23,30,31,54
2011-06-18,1,13,24,40,44,50
2011-06-22,4,6,29,48,50,51
2011-06-25,2,5,15,20,43,57
2011-06-29,10,14,43,46,49,53
2011-07-02,2,5,11,13,56,59
2011-07-06,14,15,30,53,55,60
2011-07-09,8,22,32,43,53,56
2011-07-13,43,44,46,53,54,59
2011-07-16,3,16,23,25,51,56
2011-07-20,2,10,15,44,56,57
2011-07-23,8,19,46,51,52,54
2011-07-27,7,14,15,20,23,35
2011-07-30,3,5,11,36,44,46
2011-08-03,6,19,22,34,43,45
2011-08-06,7,10,32,43,47,54
2011-08-09,7,8,24,30,33,47
2011-08-11,7,12,25,26,32,39
2011-08-13,8,9,14,32,53,59
2011-08-17,7,9,12,19,45,54
2011-08-20,5,20,22,28,29,30
2011-08-24,1,4,26,39,43,49
2011-08-27,38,42,44,52,58,60
2011-08-31,1,27,29,38,50,52
2011-09-03,8,13,25,34,42,48
2011-09-08,6,13,29,30,35,37
2011-09-10,11,14,16,28,34,46
2011-09-14,4,5,16,18,27,51
2011-09-17,17,24,25,38,41,55
2011-09-21,10,47,51,53,59,60
2011-09-24,10,21,43,47,53,55
2011-09-28,6,15,25,37,48,55
2011-10-01,18,29,31,44,51,57
2011-10-05,2,5,16,20,35,43
2011-10-08,10,11,18,19,30,50
2011-10-13,16,35,36,41,52,54
2011-10-15,10,23,27,43,53,59
2011-10-19,7,8,11,39,43,50
2011-10-22,8,18,21,30,48,49
2011-10-26,9,24,26,39,46,57
2011-10-29,3,5,13,24,35,59
2011-11-03,25,26,28,33,42,51
2011-11-05,1,6,8,10,25,27
2011-11-09,3,14,20,22,49,51
2011-11-12,1,32,38,47,51,54
2011-11-16,2,20,35,38,45,51
2011-11-19,1,18,19,33,43,60
2011-11-23,7,10,14,16,54,59
2011-11-26,13,21,30,36,59,60
2011-11-30,1,11,20,37,40,52
2011-12-03,5,7,42,46,50,60
2011-12-07,19,20,31,42,51,56
2011-12-10,8,19,21,36,42,59
2011-12-14,7,17,19,26,40,50
2011-12-17,12,32,40,47,48,59
2011-12-20,9,19,45,46,54,56
2011-12-22,7,12,38,39,45,56
2011-12-24,9,19,20,50,51,60
2011-12-31,3,4,29,36,45,55
2012-01-04,13,33,36,41,50,56
2012-01-07,9,18,24,35,36,59
2012-01-11,3,11,13,27,32,47
2012-01-14,2,8,38,42,48,49
2012-01-18,11,17,24,39,46,49
2012-01-21,6,13,21,22,31,46
2012-01-25,1,19,24,26,52,55
2012-01-28,3,15,16,35,37,47
2012-02-01,6,10,12,17,28,53
2012-02-04,2,16,17,25,50,54
2012-02-08,23,27,30,37,38,44
2012-02-11,2,12,19,22,36,58
2012-02-15,25,35,42,45,52,57
2012-02-18,10,13,20,40,44,53
2012-02-22,2,24,26,32,35,50
2012-02-25,12,27,37,44,54,59
2012-03-01,2,7,13,29,38,43
2012-03-03,10,21,26,29,32,38
2012-03-07,5,16,24,32,38,46
2012-03-10,2,4,5,27,49,59
2012-03-14,3,4,8,11,47,49
2012-03-17,3,36,40,46,58,60
2012-03-21,7,27,39,52,55,57
2012-03-24,6,21,28,31,33,43
2012-03-28,14,25,28,45,53,58
2012-03-31,9,11,21,49,53,54
2012-04-04,2,5,12,13,25,35
2012-04-07,2,5,17,18,54,59
2012-04-11,5,12,36,45,50,58
2012-04-14,3,14,52,55,57,60
2012-04-18,11,27,30,40,44,57
2012-04-20,5,13,16,17,27,55
2012-04-25,7,9,23,44,46,55
2012-04-28,2,18,30,31,45,56
2012-05-02,27,35,36,37,42,59
2012-05-05,12,28,38,39,51,56
2012-05-09,18,27,32,43,50,52
2012-05-12,22,29,31,43,50,54
2012-05-16,1,16,28,39,44,57
2012-05-19,4,19,27,28,29,31
2012-05-23,7,12,19,34,40,53
2012-05-26,2,8,12,28,33,43
2012-05-30,4,18,24,28,39,44
2012-06-02,11,16,24,35,46,50
2012-06-06,5,11,17,19,44,48
2012-06-09,29,48,52,54,55,58
2012-06-13,3,4,7,15,27,56
2012-06-16,14,32,33,40,42,51
2012-06-20,34,39,43,56,57,60
2012-06-23,9,26,34,43,53,54
2012-06-27,11,12,25,33,48,54
2012-06-30,2,9,10,21,27,38
2012-07-04,13,16,20,26,39,42
2012-07-07,7,8,27,31,32,51
2012-07-11,3,14,17,32,37,39
2012-07-14,7,10,17,24,38,57
2012-07-18,18,29,31,42,43,53
2012-07-21,4,19,20,24,39,43
2012-07-25,6,19,26,47,50,58
2012-07-28,18,29,40,42,50,54
2012-08-01,8,12,32,44,46,48
2012-08-04,6,8,24,37,41,45
2012-08-07,13,15,33,45,54,55
2012-08-09,21,37,44,46,49,57
2012-08-11,26,36,40,46,49,51
2012-08-15,3,19,22,24,35,49
2012-08-18,5,12,45,52,56,59
2012-08-22,7,8,10,12,27,56
2012-08-25,17,21,30,48,52,58
2012-08-29,2,11,16,18,36,45
2012-09-01,19,31,39,44,53,59
2012-09-05,2,5,13,17,39,44
2012-09-08,3,8,21,25,27,43
2012-09-12,3,7,15,29,38,60
2012-09-15,7,16,29,36,38,50
2012-09-19,6,15,18,24,30,44
2012-09-22,8,39,44,47,53,56
2012-09-26,7,15,19,34,37,55
2012-09-29,9,12,22,39,48,60
2012-10-03,2,19,22,30,46,52
2012-10-06,5,9,13,33,40,54
2012-10-10,16,24,25,42,45,59
2012-10-13,4,13,14,40,46,52
2012-10-17,3,18,22,34,55,58
2012-10-20,4,15,45,47,50,52
2012-10-24,1,13,23,24,30,57
2012-10-27,22,23,26,37,38,48
2012-10-31,7,14,31,33,36,49
2012-11-03,2,34,35,42,43,55
2012-11-07,2,6,28,36,51,56
2012-11-10,17,29,36,38,53,56
2012-11-14,12,13,20,30,34,49
2012-11-17,12,20,32,48,52,54
2012-11-21,2,5,27,28,48,55
2012-11-24,5,19,32,41,49,58
2012-11-28,6,13,24,32,40,51
2012-12-01,1,19,28,33,39,41
2012-12-05,1,25,29,36,56,60
2012-12-08,2,6,18,30,52,56
2012-12-12,26,27,31,38,44,45
2012-12-15,2,10,11,33,52,57
2012-12-18,2,14,28,50,57,58
2012-12-20,6,13,25,32,47,57
2012-12-22,4,27,29,41,48,52
2012-12-31,14,32,33,36,41,52
2013-01-02,6,8,14,26,36,40
2013-01-05,15,16,34,42,46,59
2013-01-09,2,4,16,33,44,51
2013-01-12,2,6,30,34,35,52
2013-01-16,4,14,27,38,50,52
2013-01-19,31,36,44,47,49,54
2013-01-23,5,9,25,27,38,40
2013-01-26,13,22,28,29,40,48
2013-01-30,2,24,32,50,54,59
2013-02-02,6,11,16,26,44,53
2013-02-06,4,6,13,34,37,51
2013-02-09,23,24,26,41,52,53
2013-02-13,1,2,10,19,20,37
2013-02-16,4,13,35,54,56,58
2013-02-20,2,34,36,38,51,55
2013-02-23,10,25,33,36,40,58
2013-02-27,12,18,23,25,45,50
2013-03-02,2,12,33,57,58,60
2013-03-06,1,2,3,11,28,43
2013-03-09,12,13,37,44,48,51
2013-03-13,4,10,26,37,47,57
2013-03-16,3,4,46,50,56,59
2013-03-20,10,27,37,40,47,55
2013-03-23,21,48,50,54,57,60
2013-03-27,9,14,21,26,36,52
2013-03-30,17,27,28,40,44,55
2013-04-03,6,9,11,34,41,53
2013-04-06,1,35,39,53,55,56
2013-04-10,17,20,24,29,49,53
2013-04-13,4,27,30,36,54,59
2013-04-17,1,6,10,34,40,54
2013-04-20,4,9,17,23,28,53
2013-04-24,4,22,25,38,45,51
2013-04-27,1,15,24,26,28,48
2013-05-02,1,3,31,32,43,52
2013-05-04,6,26,45,50,56,60
2013-05-08,4,9,18,44,46,48
2013-05-11,7,12,24,27,30,49
2013-05-15,2,14,24,28,35,50
2013-05-18,4,13,14,44,49,57
2013-05-22,14,18,28,41,47,54
2013-05-25,4,5,7,27,45,58
2013-05-29,6,11,27,40,46,49
2013-06-01,8,22,26,33,37,54
2013-06-05,10,18,31,43,57,59
2013-06-08,1,7,13,29,37,54
2013-06-12,6,22,43,51,52,57
2013-06-15,3,4,16,22,36,42
2013-06-19,2,10,12,30,41,42
2013-06-22,1,2,6,9,16,32
2013-06-26,3,14,18,34,42,49
2013-06-29,24,46,50,51,52,56
2013-07-03,17,18,30,35,39,58
2013-07-06,1,6,27,46,51,59
2013-07-10,1,8,17,44,46,53
2013-07-13,4,8,17,29,31,45
2013-07-17,11,28,35,42,46,58
2013-07-20,17,28,31,56,57,58
2013-07-24,16,17,23,42,59,60
2013-07-27,4,13,14,18,49,59
2013-07-31,4,18,20,34,45,60
2013-08-03,7,17,38,45,52,56
2013-08-06,8,9,28,41,48,55
2013-08-08,5,6,15,23,56,59
2013-08-10,7,31,35,36,46,48
2013-08-14,11,14,18,30,33,39
2013-08-17,5,8,23,32,33,56
2013-08-21,22,25,31,39,41,44
2013-08-24,2,12,40,46,52,53
2013-08-28,2,26,30,35,46,54
2013-08-31,10,16,28,47,51,59
2013-09-04,16,32,36,42,44,48
2013-09-06,4,13,15,19,36,58
2013-09-11,11,15,17,34,35,49
2013-09-14,10,16,28,33,48,53
2013-09-18,12,13,24,41,42,44
2013-09-21,2,11,23,31,42,44
2013-09-25,13,21,29,34,47,57
2013-09-28,1,12,28,29,34,48
2013-10-02,8,9,25,41,54,55
2013-10-05,13,18,29,32,50,58
2013-10-09,6,10,33,50,51,56
2013-10-11,23,27,35,52,53,57
2013-10-16,8,10,20,26,49,58
2013-10-19,3,17,27,32,47,54
2013-10-23,5,24,37,44,49,58
2013-10-26,7,11,12,30,39,57
2013-10-30,7,15,20,23,30,41
2013-11-01,2,21,30,35,45,50
2013-11-06,4,6,11,24,45,48
2013-11-09,4,17,38,44,53,60
2013-11-13,2,9,10,18,21,28
2013-11-16,19,41,42,44,47,54
2013-11-20,10,12,16,20,32,53
2013-11-23,9,13,21,27,36,56
2013-11-27,2,15,19,21,23,38
2013-11-30,7,18,24,26,39,46
2013-12-04,20,21,22,29,46,60
2013-12-07,30,32,49,50,52,53
2013-12-11,2,5,23,33,52,59
2013-12-14,1,4,7,10,11,52
2013-12-17,4,16,18,31,45,46
2013-12-19,7,15,17,31,42,54
2013-12-21,8,12,16,29,37,58
2013-12-31,20,30,36,38,47,53
2014-01-02,23,26,28,54,55,60
2014-01-04,10,12,23,37,47,51
2014-01-09,1,6,13,20,36,43
2014-01-11,25,38,44,46,53,54
2014-01-15,18,37,39,41,43,51
2014-01-18,5,6,11,32,36,60
2014-01-22,2,15,30,38,48,53
2014-01-25,19,24,25,28,42,58
2014-01-29,5,15,18,31,42,53
2014-02-01,15,18,24,42,46,56
2014-02-05,3,29,32,46,55,60
2014-02-08,20,27,42,45,46,47
2014-02-12,7,16,21,35,36,38
2014-02-15,6,27,28,33,46,48
2014-02-19,1,4,5,14,45,56
2014-02-22,13,15,21,26,30,46
2014-02-26,11,14,25,32,51,59
2014-03-01,3,6,30,37,53,56
2014-03-05,25,34,40,49,51,60
2014-03-08,1,6,14,17,33,36
2014-03-12,14,15,25,30,31,34
2014-03-15,1,4,13,17,38,48
2014-03-19,2,9,17,18,45,47
2014-03-22,3,22,27,28,50,54
2014-03-26,2,43,47,48,49,55
2014-03-29,8,39,43,46,47,58
2014-04-02,8,19,21,30,52,56
2014-04-05,23,29,32,36,45,49
2014-04-09,4,5,11,19,41,51
2014-04-12,7,20,34,40,44,55
2014-04-16,4,10,23,33,38,55
2014-04-19,31,36,38,41,42,49
2014-04-23,4,9,17,18,21,38
2014-04-26,6,7,8,23,43,53
2014-04-30,2,5,8,42,46,59
2014-05-03,1,5,7,10,12,45
2014-05-07,5,10,16,44,50,52
2014-05-10,29,31,36,42,47,53
2014-05-14,3,10,15,35,36,58
2014-05-17,9,23,32,35,46,57
2014-05-21,8,10,24,45,56,60
2014-05-24,8,12,22,35,40,44
2014-05-28,13,20,27,31,53,60
2014-05-31,2,21,24,27,40,51
2014-06-04,9,19,21,30,31,42
2014-06-07,1,15,37,42,46,54
2014-06-11,7,31,32,41,51,52
2014-06-14,5,6,17,43,54,59
2014-06-18,2,6,13,26,53,60
2014-06-21,1,4,9,35,36,53
2014-06-25,24,28,47,50,51,58
2014-06-28,6,13,17,36,42,51
2014-07-02,4,18,31,44,46,49
2014-07-05,14,17,21,27,43,49
2014-07-09,5,20,26,31,33,44
2014-07-12,28,31,40,42,46,58
2014-07-16,3,23,26,31,47,54
2014-07-19,9,20,24,43,51,52
2014-07-23,5,8,17,42,46,47
2014-07-26,13,23,27,34,38,57
2014-07-30,10,22,24,38,39,49
2014-08-02,4,5,7,21,45,53
2014-08-05,33,43,49,50,56,59
2014-08-07,2,27,32,41,47,58
2014-08-09,11,22,36,40,45,52
2014-08-13,3,5,14,35,43,52
2014-08-16,20,26,32,41,45,57
2014-08-20,26,29,34,38,50,60
2014-08-23,4,20,24,35,47,59
2014-08-27,1,7,30,43,44,54
2014-08-30,4,29,44,47,48,60
2014-09-03,6,18,24,27,56,59
2014-09-06,1,2,11,13,36,49
2014-09-10,9,10,23,33,44,51
2014-09-13,8,23,28,30,32,51
2014-09-17,19,26,33,35,51,52
2014-09-20,1,5,24,47,55,56
2014-09-24,1,2,38,41,42,58
2014-09-27,16,29,34,35,49,51
2014-10-01,2,6,18,23,31,46
2014-10-04,23,29,30,33,46,51
2014-10-08,3,23,42,43,47,60
2014-10-11,16,19,20,28,37,60
2014-10-15,10,13,16,22,34,60
2014-10-18,8,18,21,31,37,38
2014-10-22,19,23,34,40,41,58
2014-10-25,12,17,23,38,53,54
2014-10-29,15,16,18,20,22,48
2014-11-01,24,33,38,42,44,54
2014-11-05,17,23,29,38,57,60
2014-11-08,8,27,35,38,41,44
2014-11-12,7,24,26,28,44,57
2014-11-14,1,21,22,27,32,45
2014-11-19,7,16,33,42,50,58
2014-11-22,7,24,28,46,53,56
2014-11-26,4,6,11,43,54,56
2014-11-29,7,10,14,37,45,54
2014-12-03,7,11,19,23,40,49
2014-12-06,4,10,20,33,37,49
2014-12-10,8,17,34,38,42,51
2014-12-13,13,16,27,43,48,58
2014-12-17,10,14,25,29,33,57
2014-12-20,18,20,27,40,49,55
2014-12-24,8,21,23,29,36,48
2014-12-31,1,5,11,16,20,56
2015-01-03,1,2,23,27,45,51
2015-01-07,7,12,24,44,51,56
2015-01-10,5,40,47,52,55,57
2015-01-14,28,29,31,45,48,49
2015-01-17,1,17,19,30,33,47
2015-01-21,21,27,31,45,55,56
2015-01-24,1,3,5,10,20,42
2015-01-28,5,10,23,24,35,47
2015-01-31,22,30,42,50,58,59
2015-02-04,3,18,34,35,36,56
2015-02-07,1,2,11,37,48,51
2015-02-11,10,15,28,33,51,52
2015-02-14,9,11,17,19,35,52
2015-02-18,1,2,27,28,46,47
2015-02-21,23,37,38,46,47,51
2015-02-25,1,6,8,11,33,50
2015-02-28,7,13,35,37,39,51
2015-03-04,4,12,32,33,34,48
2015-03-07,9,12,18,31,39,50
2015-03-11,3,18,31,39,46,51
2015-03-14,9,14,37,44,46,55
2015-03-18,15,24,37,46,49,58
2015-03-21,18,23,30,32,42,56
2015-03-25,2,5,13,27,41,53
2015-03-28,21,24,26,35,45,53
2015-04-01,1,10,24,39,45,58
2015-04-04,11,13,14,27,44,56
2015-04-08,5,15,18,19,21,38
2015-04-11,20,29,34,37,45,57
2015-04-15,24,36,38,43,44,58
2015-04-18,1,12,17,31,37,46
2015-04-22,8,23,30,51,53,58
2015-04-25,11,13,24,28,44,45
2015-04-29,1,6,10,30,33,38
2015-05-02,15,18,41,48,50,58
2015-05-05,3,9,18,32,40,56
2015-05-07,17,19,33,35,39,52
2015-05-09,3,23,26,35,39,49
2015-05-13,1,7,11,32,51,59
2015-05-16,25,27,29,37,50,51
2015-05-20,12,31,34,36,48,56
2015-05-23,7,16,20,27,36,52
2015-05-27,17,29,32,38,45,50
2015-05-30,7,19,30,35,42,47
2015-06-03,7,21,28,56,58,59
2015-06-06,22,26,38,39,45,50
2015-06-10,2,12,19,29,50,59
2015-06-13,3,10,16,23,27,29
2015-06-17,2,8,24,36,51,52
2015-06-20,16,20,35,40,53,60
2015-06-24,2,25,36,41,42,53
2015-06-27,2,9,16,37,44,58
2015-07-01,4,30,31,32,47,53
2015-07-04,1,22,31,34,44,54
2015-07-07,18,23,31,39,49,57
2015-07-09,4,12,19,33,36,38
2015-07-11,9,23,39,41,49,58
2015-07-15,14,27,30,46,52,60
2015-07-18,27,33,37,39,58,60
2015-07-22,16,18,26,30,31,34
2015-07-25,3,10,42,49,54,57
2015-07-29,4,6,19,20,40,41
2015-08-01,3,8,28,39,42,59
2015-08-04,7,14,23,43,44,53
2015-08-06,1,10,17,24,42,51
2015-08-08,5,18,27,43,49,59
2015-08-12,25,34,38,45,53,60
2015-08-15,3,5,9,14,41,46
2015-08-19,12,17,25,29,41,52
2015-08-22,6,16,33,34,45,46
2015-08-26,12,13,24,29,32,41
2015-08-29,5,8,42,50,51,59
2015-09-02,12,28,37,46,48,53
2015-09-05,9,10,17,32,34,46
2015-09-09,10,15,25,38,47,53
2015-09-12,15,18,20,32,48,49
2015-09-16,11,19,21,23,27,52
2015-09-19,4,10,29,31,34,35
2015-09-23,9,12,14,29,42,56
2015-09-26,9,13,18,47,52,60
2015-09-30,6,18,37,40,41,58
2015-10-03,6,33,34,48,53,59
2015-10-07,2,10,13,41,49,53
2015-10-10,3,13,14,29,33,43
2015-10-13,15,17,20,31,41,48
2015-10-15,15,22,23,42,51,57
2015-10-17,9,36,37,53,55,60
2015-10-21,8,15,29,35,45,54
2015-10-24,20,27,30,31,40,53
2015-10-28,2,5,8,18,30,48
2015-10-31,6,13,14,28,35,45
2015-11-04,13,25,28,37,43,56
2015-11-07,6,11,16,23,36,42
2015-11-10,2,14,21,22,51,60
2015-11-13,10,24,25,36,47,48
2015-11-14,9,10,36,50,53,55
2015-11-18,26,32,42,45,55,59
2015-11-21,9,12,15,21,31,36
2015-11-25,6,7,29,39,41,55
2015-11-28,1,6,28,37,56,58
2015-12-02,22,23,41,46,53,60
2015-12-05,16,26,35,39,44,45
2015-12-09,5,7,11,34,35,50
2015-12-12,32,37,44,47,54,60
2015-12-16,11,26,27,30,34,41
2015-12-19,2,20,27,28,32,38
2015-12-22,12,19,27,39,41,45
2015-12-24,15,30,39,41,45,59
2015-12-26,1,12,20,30,52,60
2015-12-31,2,18,31,42,51,56
2016-01-02,10,11,14,19,39,48
2016-01-06,4,19,38,44,52,55
2016-01-09,4,10,38,40,45,48
2016-01-12,12,25,30,39,56,57
2016-01-14,6,20,22,31,33,34
2016-01-16,1,8,22,49,52,53
2016-01-20,6,18,34,47,52,57
2016-01-23,4,6,16,18,21,38
2016-01-27,4,15,26,30,54,55
2016-01-30,5,11,27,41,42,54
2016-02-02,2,6,8,21,25,34
2016-02-04,1,5,13,25,26,29
2016-02-06,3,13,42,45,56,59
2016-02-10,6,25,43,57,58,59
2016-02-13,11,13,26,27,28,50
2016-02-17,12,18,46,50,53,55
2016-02-20,2,16,17,18,41,47
2016-02-24,13,14,22,54,56,58
2016-02-27,1,5,34,37,40,60
2016-03-02,30,42,47,50,55,58
2016-03-05,22,23,34,48,53,54
2016-03-08,2,13,14,35,54,57
2016-03-10,2,9,23,28,45,53
2016-03-12,1,3,4,39,51,53
2016-03-16,6,11,16,19,31,56
2016-03-19,6,19,34,43,45,54
2016-03-23,2,6,13,14,17,44
2016-03-26,4,8,29,38,49,50
2016-03-30,20,21,28,48,50,59
2016-04-02,17,22,27,31,49,57
2016-04-06,11,20,35,42,55,58
2016-04-09,1,15,16,22,25,43
2016-04-13,2,14,20,25,41,45
2016-04-16,9,12,23,24,46,54
2016-04-20,1,10,25,43,50,56
2016-04-23,5,17,32,35,37,57
2016-04-27,20,23,32,34,37,45
2016-04-30,9,11,13,15,19,51
2016-05-03,9,11,27,46,51,53
2016-05-05,8,11,25,39,41,60
2016-05-07,5,10,12,22,28,46
2016-05-11,1,4,26,39,47,55
2016-05-14,2,6,10,15,53,56
2016-05-18,17,18,26,30,33,37
2016-05-21,3,19,23,27,40,45
2016-05-25,19,22,31,36,52,53
2016-05-28,1,22,26,43,50,53
2016-06-01,4,9,21,34,54,59
2016-06-04,5,6,12,19,30,60
2016-06-07,10,11,21,50,51,54
2016-06-09,17,19,32,43,48,51
2016-06-11,26,33,42,43,53,54
2016-06-15,6,11,32,40,48,59
2016-06-18,7,13,24,30,32,53
2016-06-22,3,7,29,37,54,60
2016-06-25,15,27,28,32,48,55
2016-06-29,14,34,46,47,56,57
2016-07-02,2,3,7,16,27,42
2016-07-06,2,17,22,24,48,51
2016-07-09,8,28,36,47,50,58
2016-07-12,8,15,18,45,59,60
2016-07-14,41,44,48,50,54,57
2016-07-16,5,8,24,30,57,59
2016-07-20,7,22,28,32,56,58
2016-07-23,15,17,33,41,47,48
2016-07-27,3,6,13,38,49,51
2016-07-30,16,18,22,24,34,43
2016-08-03,8,26,28,33,41,54
2016-08-06,3,4,37,39,48,50
2016-08-09,3,9,13,29,30,51
2016-08-11,6,24,26,30,34,49
2016-08-13,1,6,45,49,50,57
2016-08-17,9,40,41,50,55,58
2016-08-20,3,5,11,27,35,44
2016-08-24,23,24,32,38,40,41
2016-08-27,8,18,21,22,35,37
2016-08-31,13,17,29,45,49,50
2016-09-03,1,2,34,39,41,45
2016-09-08,25,30,31,34,43,59
2016-09-10,6,10,15,24,38,39
2016-09-14,2,9,14,22,32,37
2016-09-17,13,23,25,35,52,53
2016-09-20,22,28,30,33,55,59
2016-09-22,1,13,14,21,26,51
2016-09-24,10,30,36,40,44,60
2016-09-28,2,4,9,35,45,60
2016-10-01,2,8,35,42,49,56
2016-10-05,16,23,45,56,58,59
2016-10-08,4,5,14,37,40,60
2016-10-13,1,5,31,32,37,42
2016-10-15,14,17,36,38,44,60
2016-10-18,3,10,17,21,22,43
2016-10-20,1,5,23,25,28,31
2016-10-22,11,23,24,26,40,52
2016-10-26,18,20,30,32,33,40
2016-10-29,3,11,17,33,52,58
2016-11-03,11,13,25,39,46,56
2016-11-05,5,25,28,41,53,54
2016-11-08,10,28,37,43,44,47
2016-11-10,1,45,47,52,53,55
2016-11-12,7,18,39,41,44,51
2016-11-16,13,16,23,24,32,35
2016-11-19,12,16,26,40,56,57
2016-11-23,5,10,20,57,58,59
2016-11-26,5,16,19,37,51,56
2016-11-30,3,10,30,44,53,56
2016-12-03,9,10,19,35,37,41
2016-12-07,16,27,28,47,59,60
2016-12-10,1,4,23,32,38,59
2016-12-14,7,14,18,23,32,59
2016-12-17,3,7,15,40,45,54
2016-12-20,11,23,34,41,46,56
2016-12-22,1,10,17,18,45,48
2016-12-24,16,23,25,28,30,44
2016-12-31,5,11,22,24,51,53
2017-01-04,1,3,19,23,47,58
2017-01-07,6,17,22,30,37,50
2017-01-11,16,17,19,28,45,58
2017-01-14,21,31,35,53,54,57
2017-01-18,2,3,5,10,15,34
2017-01-21,3,6,14,15,21,25
2017-01-25,9,22,25,47,52,58
2017-01-28,12,34,45,53,55,58
2017-02-01,20,23,35,36,44,48
2017-02-04,8,11,27,28,43,46
2017-02-08,11,12,26,30,37,53
2017-02-11,2,7,9,18,21,25
2017-02-15,9,10,15,28,43,45
2017-02-18,12,15,18,21,51,56
2017-02-21,29,35,43,54,56,57
2017-02-23,6,27,33,39,40,60
2017-02-25,3,25,35,38,44,48
2017-03-01,4,10,13,23,27,57
2017-03-04,11,40,43,45,47,57
2017-03-08,6,9,15,22,39,48
2017-03-11,16,18,23,30,32,33
2017-03-15,10,13,33,35,36,42
2017-03-18,4,14,17,43,52,56
2017-03-22,16,29,33,39,42,44
2017-03-25,2,20,21,33,48,57
2017-03-29,3,9,18,23,50,52
2017-04-01,4,21,25,33,36,46
2017-04-05,16,17,20,22,38,50
2017-04-08,11,28,37,45,54,60
2017-04-12,25,31,33,39,43,45
2017-04-15,10,15,16,19,28,35
2017-04-19,20,22,36,38,41,43
2017-04-22,9,34,42,45,46,59
2017-04-26,12,16,30,52,53,58
2017-04-29,1,17,38,43,45,47
2017-05-03,2,3,14,20,30,46
2017-05-06,5,11,13,19,30,31
2017-05-09,10,26,28,51,53,59
2017-05-11,3,10,23,36,43,52
2017-05-13,4,17,18,37,52,56
2017-05-17,2,8,9,15,22,34
2017-05-20,10,16,21,29,44,55
2017-05-24,2,14,15,19,35,59
2017-05-27,8,23,35,39,56,59
2017-05-31,1,3,10,17,23,24
2017-06-03,3,12,24,40,51,52
2017-06-07,6,10,24,29,43,55
2017-06-10,10,16,32,40,42,54
2017-06-14,7,24,29,39,45,52
2017-06-17,9,13,16,17,36,47
2017-06-21,1,9,24,38,48,49
2017-06-24,6,18,20,24,43,48
2017-06-28,9,11,12,30,39,43
2017-07-01,8,9,39,47,57,59
2017-07-04,4,8,10,21,45,54
2017-07-06,4,6,39,44,52,60
2017-07-08,8,33,40,52,55,59
2017-07-12,12,20,24,28,33,57
2017-07-15,1,6,14,22,30,56
2017-07-19,10,21,32,34,48,57
2017-07-22,14,16,19,21,33,55
2017-07-26,9,21,36,38,52,53
2017-07-29,9,26,29,42,43,45
2017-08-02,9,25,33,35,40,49
2017-08-05,15,27,33,36,41,45
2017-08-08,5,8,20,28,40,45
2017-08-10,2,14,22,23,29,47
2017-08-12,15,20,22,24,34,55
2017-08-16,8,21,27,35,43,56
2017-08-19,1,18,25,37,39,43
2017-08-23,17,25,26,30,32,50
2017-08-26,5,6,15,25,39,53
2017-08-30,4,5,7,34,42,60
2017-09-02,2,27,32,36,48,50
2017-09-06,26,28,35,38,48,55
2017-09-09,10,13,19,32,40,60
2017-09-13,13,30,32,39,46,54
2017-09-16,35,36,39,44,48,52
2017-09-19,8,20,30,32,48,59
2017-09-21,5,10,18,24,39,52
2017-09-23,4,10,41,44,52,54
2017-09-27,9,16,20,54,57,59
2017-09-30,1,12,16,17,52,60
2017-10-04,4,19,27,38,54,57
2017-10-07,8,11,24,26,47,57
2017-10-11,12,14,19,25,52,59
2017-10-14,3,16,28,32,34,37
2017-10-17,2,6,22,44,55,57
2017-10-19,22,23,29,32,38,45
2017-10-21,12,16,17,18,34,37
2017-10-25,6,15,19,37,39,53
2017-10-28,4,14,20,24,46,50
2017-11-01,5,6,10,14,22,36
2017-11-04,21,29,32,35,43,50
2017-11-07,9,28,29,34,36,55
2017-11-09,23,36,43,44,55,56
2017-11-11,10,14,31,34,45,58
2017-11-16,5,10,39,42,46,54
2017-11-18,15,22,30,32,40,58
2017-11-22,11,24,26,34,37,59
2017-11-25,19,20,28,34,36,44
2017-11-29,5,11,13,21,53,54
2017-12-02,6,17,33,48,50,57
2017-12-06,2,5,12,32,40,44
2017-12-09,14,26,29,35,37,39
2017-12-13,7,20,21,24,40,56
2017-12-16,1,7,14,31,35,46
2017-12-19,8,21,24,25,52,57
2017-12-21,15,37,38,42,49,50
2017-12-31,3,6,10,17,34,37
2018-01-03,20,22,36,42,52,60
2018-01-06,4,28,30,38,46,59
2018-01-10,28,34,40,43,50,51
2018-01-13,1,5,14,23,35,45
2018-01-17,11,19,22,33,34,53
2018-01-20,1,9,14,20,25,54
2018-01-24,4,14,39,41,54,58
2018-01-27,22,27,33,42,58,59
2018-01-31,1,37,44,46,48,50
2018-02-03,8,10,18,34,39,56
2018-02-06,2,28,32,35,54,58
2018-02-08,8,11,27,35,36,51
2018-02-10,6,23,30,36,53,56
2018-02-14,16,32,40,46,53,56
2018-02-17,17,18,27,32,39,58
2018-02-21,4,11,17,18,21,48
2018-02-24,2,10,11,24,38,56
2018-02-28,11,22,25,27,55,59
2018-03-03,23,41,46,52,54,59
2018-03-07,2,36,46,48,57,60
2018-03-10,7,14,32,37,40,60
2018-03-14,4,28,45,48,52,60
2018-03-17,1,6,7,8,23,56
2018-03-21,16,20,23,29,35,47
2018-03-24,4,24,46,52,55,56
2018-03-28,10,23,31,33,51,52
2018-03-31,11,15,29,37,39,44
2018-04-04,7,11,24,36,42,58
2018-04-07,6,15,18,33,37,40
2018-04-11,4,27,38,40,58,59
2018-04-14,18,23,37,39,50,55
2018-04-17,6,14,19,20,39,53
2018-04-20,10,18,33,38,40,43
2018-04-25,6,7,13,17,22,56
2018-04-28,30,35,36,38,49,52
2018-05-02,7,8,19,23,27,58
2018-05-05,14,16,23,30,45,60
2018-05-08,6,25,26,35,38,40
2018-05-10,6,12,22,28,31,44
2018-05-12,6,9,41,54,56,58
2018-05-16,10,12,22,25,42,54
2018-05-19,14,22,29,32,33,35
2018-05-23,21,38,53,56,57,58
2018-05-26,7,14,47,54,56,60
2018-05-30,15,25,27,45,46,50
2018-06-02,3,6,11,27,28,46
2018-06-06,1,18,19,29,44,54
2018-06-09,10,19,26,35,38,39
2018-06-13,10,19,27,31,51,53
2018-06-16,8,31,32,33,38,50
2018-06-20,1,5,6,37,44,53
2018-06-23,50,51,56,57,58,59
2018-06-27,12,22,27,37,40,55
2018-06-30,4,7,12,22,26,39
2018-07-03,6,25,35,43,46,53
2018-07-05,18,22,29,34,36,47
2018-07-07,10,13,20,37,38,54
2018-07-11,4,19,23,29,56,59
2018-07-14,4,5,36,40,44,56
2018-07-18,8,9,11,25,39,41
2018-07-21,33,36,40,44,45,54
2018-07-25,8,10,15,23,25,34
2018-07-28,6,10,19,24,25,29
2018-08-01,10,14,36,53,55,60
2018-08-04,4,11,20,30,37,43
2018-08-08,6,25,27,35,45,55
2018-08-11,2,11,13,26,32,59
2018-08-14,3,5,9,40,42,47
2018-08-16,3,17,34,35,40,48
2018-08-18,5,26,27,34,42,48
2018-08-22,24,33,34,35,46,60
2018-08-25,10,12,13,20,22,54
2018-08-29,12,15,18,30,52,55
2018-09-01,8,18,23,37,42,58
2018-09-05,7,9,23,33,57,59
2018-09-08,5,6,12,15,22,43
2018-09-12,13,16,26,35,37,39
2018-09-15,2,11,15,30,36,39
2018-09-18,1,2,14,37,55,58
2018-09-20,10,22,40,46,55,58
2018-09-22,13,18,35,40,41,42
2018-09-26,6,25,33,42,48,49
2018-09-29,1,18,19,33,56,60
2018-10-03,7,20,26,37,38,39
2018-10-06,12,21,25,37,38,49
2018-10-10,4,35,43,46,47,53
2018-10-13,2,18,19,23,34,53
2018-10-17,3,14,24,27,38,56
2018-10-20,5,10,32,38,48,49
2018-10-23,8,11,18,37,40,51
2018-10-25,10,11,12,37,38,59
2018-10-27,11,13,15,17,22,27
2018-10-31,8,14,27,34,52,54
2018-11-03,4,16,19,31,33,44
2018-11-07,16,29,35,43,49,56
2018-11-10,6,11,13,19,24,51
2018-11-14,9,24,28,45,49,51
2018-11-17,2,8,18,27,38,60
2018-11-21,5,15,20,27,30,58
2018-11-24,1,10,11,13,35,49
2018-11-28,2,8,18,37,56,58
2018-12-01,4,6,17,34,51,57
2018-12-04,3,13,40,44,46,50
2018-12-06,2,10,12,27,45,56
2018-12-08,11,13,16,24,31,46
2018-12-12,3,27,36,39,40,43
2018-12-15,8,38,44,50,56,60
2018-12-18,19,22,29,41,44,59
2018-12-20,4,12,16,34,44,49
2018-12-31,5,10,12,18,25,33
2019-01-02,1,41,44,46,54,58
2019-01-05,17,39,43,46,52,53
2019-01-09,11,14,21,25,46,50
2019-01-12,17,25,30,35,42,57
2019-01-15,4,19,27,35,40,44
2019-01-17,1,9,19,21,34,54
2019-01-19,4,28,29,30,43,52
2019-01-23,11,12,20,40,41,46
2019-01-26,19,21,26,31,42,49
2019-01-30,13,20,24,25,38,41
2019-02-02,8,10,17,29,37,40
2019-02-06,3,11,15,21,27,49
2019-02-09,14,15,47,50,56,59
2019-02-13,2,11,20,31,43,47
2019-02-16,1,31,44,46,53,58
2019-02-20,7,12,24,27,39,58
2019-02-23,1,7,28,30,44,46
2019-02-26,11,16,24,46,54,55
2019-02-28,6,12,31,32,46,60
2019-03-02,13,16,36,53,54,55
2019-03-06,2,3,6,18,20,28
2019-03-09,5,18,30,35,39,60
2019-03-13,19,20,26,51,52,57
2019-03-16,6,21,34,46,54,59
2019-03-20,9,23,28,40,48,59
2019-03-23,1,8,11,22,30,35
2019-03-27,1,2,11,12,34,49
2019-03-30,4,13,14,21,30,34
2019-04-03,14,23,29,41,57,58
2019-04-06,17,20,26,36,42,54
2019-04-10,10,11,17,19,37,41
2019-04-13,7,40,44,50,52,57
2019-04-17,2,12,35,51,57,58
2019-04-20,7,16,21,33,55,60
2019-04-24,6,8,28,51,53,59
2019-04-27,16,18,31,39,42,44
2019-05-02,17,19,37,41,42,49
2019-05-04,8,15,32,33,58,59
2019-05-08,21,23,37,44,46,48
2019-05-11,23,24,26,38,42,49
2019-05-15,2,14,18,29,36,38
2019-05-18,26,29,36,49,50,59
2019-05-22,8,13,28,31,32,33
2019-05-25,7,25,41,47,50,53
2019-05-29,2,6,27,37,44,47
2019-06-01,1,6,23,26,39,49
2019-06-05,31,33,34,35,39,48
2019-06-08,9,27,35,45,46,59
2019-06-12,14,26,35,38,45,53
2019-06-15,1,19,46,47,49,53
2019-06-19,8,9,10,24,42,44
2019-06-22,11,16,22,30,34,42
2019-06-26,8,18,20,24,36,45
2019-06-29,16,17,25,47,48,58
2019-07-03,5,37,43,49,54,56
2019-07-06,3,19,34,44,56,58
2019-07-09,27,37,38,43,45,54
2019-07-11,1,4,25,27,29,37
2019-07-13,7,34,45,51,54,59
2019-07-17,10,21,24,36,38,51
2019-07-20,12,13,19,36,44,55
2019-07-24,9,24,28,37,43,57
2019-07-27,2,9,42,44,48,50
2019-07-31,10,15,34,36,56,60
2019-08-03,7,25,32,43,53,55
2019-08-06,8,23,25,39,43,44
2019-08-08,9,11,14,31,48,51
2019-08-10,2,16,21,42,50,56
2019-08-14,2,13,24,35,50,54
2019-08-17,10,12,16,21,28,38
2019-08-21,1,8,19,33,36,48
2019-08-24,19,22,39,46,47,59
2019-08-28,13,26,30,34,43,51
2019-08-31,15,36,45,51,52,59
2019-09-04,9,18,19,22,42,47
2019-09-09,12,18,19,27,41,46
2019-09-11,10,11,16,21,46,50
2019-09-14,2,17,21,28,51,60
2019-09-18,4,11,16,22,29,33
2019-09-21,5,9,20,25,35,53
2019-09-24,4,8,26,33,46,53
2019-09-26,7,16,37,53,57,59
2019-09-28,7,8,22,27,29,42
2019-10-02,8,16,20,21,31,34
2019-10-05,14,24,32,38,46,53
2019-10-09,1,25,27,28,41,56
2019-10-14,3,11,29,35,44,57
2019-10-16,1,11,34,36,44,56
2019-10-19,15,23,30,35,38,44
2019-10-22,11,15,28,36,43,55
2019-10-24,3,13,23,41,49,53
2019-10-26,11,29,37,38,43,60
2019-10-30,17,34,46,49,50,57
2019-11-04,1,28,29,32,35,56
2019-11-06,12,21,28,37,42,57
2019-11-09,6,27,38,42,45,57
2019-11-13,6,10,11,43,53,55
2019-11-16,16,25,30,40,45,49
2019-11-20,22,25,28,32,33,47
2019-11-23,11,17,24,25,33,34
2019-11-27,27,36,40,41,44,54
2019-11-30,23,26,51,52,53,58
2019-12-04,5,7,10,32,46,60
2019-12-07,4,10,18,30,34,47
2019-12-11,1,19,21,23,33,43
2019-12-14,10,24,42,43,48,49
2019-12-17,10,14,16,30,32,36
2019-12-19,6,16,22,38,48,52
2019-12-21,8,28,36,45,57,59
2019-12-31,3,35,38,40,57,58
2020-01-04,5,23,34,45,56,57
2020-01-08,13,14,29,30,48,59
2020-01-11,2,26,40,42,49,56
2020-01-15,16,23,32,50,52,58
2020-01-18,1,32,37,44,46,47
2020-01-21,2,4,7,16,30,38
2020-01-23,6,9,12,27,32,57
2020-01-25,9,19,23,32,39,45
2020-01-29,6,11,29,40,41,58
2020-02-01,7,17,26,39,56,60
2020-02-05,4,13,25,40,53,57
2020-02-08,7,8,31,34,38,47
2020-02-12,4,6,32,35,41,45
2020-02-15,4,21,27,29,42,47
2020-02-19,14,18,30,35,55,57
2020-02-22,7,20,38,43,45,53
2020-02-27,11,20,27,28,53,60
2020-02-29,11,36,45,55,57,58
2020-03-04,7,27,31,39,45,46
2020-03-07,7,9,10,19,25,58
2020-03-10,1,13,18,26,40,56
2020-03-12,5,9,18,24,25,42
2020-03-14,14,18,28,35,38,54
2020-03-18,3,5,11,34,37,42
2020-03-21,11,14,15,18,33,34
2020-03-25,5,9,24,27,33,46
2020-03-28,1,42,44,47,48,53
2020-04-01,9,15,20,29,30,42
2020-04-04,4,9,31,47,49,53
2020-04-08,27,33,39,52,57,58
2020-04-11,5,15,22,26,54,58
2020-04-15,1,17,30,37,46,50
2020-04-18,31,32,33,39,52,55
2020-04-22,4,9,24,44,47,56
2020-04-25,15,20,39,41,49,57
2020-04-29,9,10,30,37,47,54
2020-05-02,18,21,30,31,34,51
2020-05-05,1,5,7,14,23,26
2020-05-07,20,27,41,54,56,58
2020-05-09,12,14,34,35,37,47
2020-05-13,7,23,26,27,29,51
2020-05-16,7,8,14,23,30,46
2020-05-20,9,24,33,43,49,57
2020-05-23,2,3,8,19,29,37
2020-05-27,14,20,23,39,46,50
2020-05-30,10,23,31,37,58,59
2020-06-03,20,32,33,48,49,53
2020-06-06,4,13,23,28,30,52
2020-06-10,1,11,14,23,29,55
2020-06-13,14,16,38,39,41,48
2020-06-17,6,10,27,28,41,52
2020-06-20,2,5,11,24,41,49
2020-06-24,15,16,20,38,40,58
2020-06-27,8,11,17,33,40,55
2020-07-01,2,4,25,36,50,53
2020-07-04,5,15,18,27,49,57
2020-07-08,10,22,23,37,53,60
2020-07-11,8,17,34,37,43,45
2020-07-14,5,12,14,20,27,28
2020-07-16,28,29,31,50,58,59
2020-07-18,14,27,35,40,50,55
2020-07-22,12,27,30,36,45,52
2020-07-25,4,24,37,43,59,60
2020-07-29,4,10,12,14,36,46
2020-08-01,1,7,10,12,33,42
2020-08-05,9,21,30,41,42,43
2020-08-08,2,4,6,29,41,56
2020-08-11,2,26,35,39,40,56
2020-08-13,6,9,34,37,38,45
2020-08-15,5,18,36,44,57,60
2020-08-19,12,26,31,36,37,49
2020-08-22,6,16,18,33,42,57
2020-08-26,1,2,10,37,42,48
2020-08-29,9,15,20,33,41,43
2020-09-02,6,13,26,28,35,41
2020-09-05,1,6,21,29,36,59
2020-09-09,20,22,35,40,41,59
2020-09-12,13,17,21,31,41,49
2020-09-15,2,3,19,40,44,60
2020-09-17,9,21,37,39,43,54
2020-09-19,17,18,35,36,47,52
2020-09-23,18,22,25,27,43,44
2020-09-26,3,7,17,20,48,50
2020-09-30,12,21,29,54,56,57
2020-10-03,7,16,22,38,55,57
2020-10-07,3,19,28,33,57,58
2020-10-10,16,33,38,46,53,55
2020-10-14,9,13,26,38,58,60
2020-10-17,9,11,29,30,33,60
2020-10-20,13,17,28,29,42,53
2020-10-22,3,5,9,35,43,60
2020-10-24,3,27,39,46,47,60
2020-10-28,3,20,26,45,49,58
2020-10-31,6,7,28,42,45,49
2020-11-04,1,10,17,26,30,53
2020-11-07,2,11,43,49,52,56
2020-11-11,3,8,30,33,35,48
2020-11-14,28,44,52,54,58,60
2020-11-18,6,17,25,35,40,49
2020-11-21,6,30,35,39,42,48
2020-11-25,14,25,28,41,43,46
2020-11-28,2,5,10,29,34,41
2020-12-02,20,27,35,39,50,59
2020-12-05,2,16,19,31,43,60
2020-12-08,33,34,37,46,52,60
2020-12-10,10,16,27,34,36,57
2020-12-12,30,37,45,54,57,58
2020-12-16,8,11,14,39,48,53
2020-12-19,12,14,28,42,45,55
2020-12-31,17,20,22,35,41,42
2021-01-02,11,13,16,36,53,57
2021-01-06,12,33,35,36,44,52
2021-01-09,9,16,31,41,53,55
2021-01-13,4,13,20,22,25,60
2021-01-16,9,18,23,42,47,49
2021-01-20,8,10,20,27,28,50
2021-01-23,2,9,34,49,51,55
2021-01-26,8,21,23,34,42,47
2021-01-28,4,18,29,47,48,59
2021-01-30,16,21,28,41,49,51
2021-02-03,4,9,31,32,42,46
2021-02-06,17,20,24,27,40,60
2021-02-10,4,31,42,45,49,56
2021-02-13,11,17,25,38,52,57
2021-02-17,7,16,19,22,28,55
2021-02-20,3,4,11,40,42,58
2021-02-24,8,9,17,30,58,60
2021-02-27,2,3,7,48,51,54
2021-03-03,5,10,25,32,49,54
2021-03-06,25,28,29,34,41,45
2021-03-10,19,22,35,41,47,49
2021-03-13,9,17,38,41,49,55
2021-03-17,3,19,34,41,48,53
2021-03-20,6,18,25,30,42,54
2021-03-24,7,30,31,41,50,56
2021-03-27,3,10,25,36,51,58
2021-03-31,19,28,30,34,40,51
2021-04-03,5,9,11,16,43,57
2021-04-06,31,32,39,42,43,51
2021-04-08,10,15,21,24,29,45
2021-04-10,14,21,22,29,35,46
2021-04-14,3,20,22,32,35,50
2021-04-17,6,14,24,34,39,58
2021-04-22,20,33,42,44,51,56
2021-04-24,1,17,28,37,44,50
2021-04-28,4,27,33,35,38,41
2021-04-30,5,23,29,34,53,60
2021-05-04,4,7,13,25,36,58
2021-05-06,4,9,17,19,37,60
2021-05-08,7,31,37,42,44,56
2021-05-12,4,15,30,36,39,48
2021-05-15,3,19,25,44,46,57
2021-05-19,23,24,26,44,49,60
2021-05-22,12,13,25,37,39,41
2021-05-26,2,6,44,46,53,58
2021-05-29,12,14,17,18,19,22
2021-06-02,5,18,29,35,43,44
2021-06-05,11,37,38,41,49,54
2021-06-09,2,8,26,32,46,56
2021-06-12,11,16,20,24,39,53
2021-06-16,7,23,32,41,42,47
2021-06-19,6,9,19,38,53,55
2021-06-23,13,15,16,20,40,41
2021-06-26,9,13,22,25,26,31
2021-06-29,12,24,32,37,43,60
2021-07-01,11,13,16,35,49,50
2021-07-03,8,26,30,31,38,48
2021-07-07,8,30,33,37,45,48
2021-07-10,16,30,37,39,40,51
2021-07-14,9,13,20,22,32,56
2021-07-17,5,8,13,27,36,50
2021-07-21,11,15,23,25,34,53
2021-07-24,26,27,28,32,38,51
2021-07-28,5,16,25,36,42,44
2021-07-31,4,11,12,44,45,57
2021-08-04,2,3,25,39,42,49
2021-08-07,6,14,20,39,46,48
2021-08-10,8,17,30,36,54,59
2021-08-12,27,35,42,44,51,52
2021-08-14,9,21,25,26,36,53
2021-08-18,8,11,13,33,38,48
2021-08-21,6,22,25,29,30,60
2021-08-25,10,12,14,32,33,34
2021-08-28,1,19,35,40,47,54
2021-09-01,21,38,48,49,53,59
2021-09-04,8,12,29,43,54,60
2021-09-08,13,17,31,43,54,55
2021-09-11,4,29,30,38,43,57
2021-09-15,2,29,39,49,52,58
2021-09-18,7,10,27,35,43,59
2021-09-22,7,26,29,34,43,44
2021-09-25,9,16,34,36,49,60
2021-09-28,3,22,37,40,41,48
2021-09-30,4,5,6,14,29,38
2021-10-02,10,12,26,29,35,60
2021-10-06,6,7,11,26,37,57
2021-10-09,3,7,10,11,27,46
2021-10-13,2,11,19,27,57,60
2021-10-16,10,35,43,48,50,53
2021-10-19,5,8,29,39,44,60
2021-10-21,2,3,32,35,48,57
2021-10-23,2,7,10,20,30,46
2021-10-27,16,18,38,48,51,60
2021-10-30,3,16,17,37,38,53
2021-11-03,10,31,38,46,49,54
2021-11-06,5,11,24,27,32,57
2021-11-10,3,19,25,37,44,56
2021-11-13,3,9,25,28,29,39
2021-11-17,11,37,53,55,56,60
2021-11-20,19,26,39,45,46,56
2021-11-24,8,11,22,25,26,36
2021-11-27,7,29,38,40,44,52
2021-12-01,8,9,32,52,53,57
2021-12-04,1,2,14,28,40,51
2021-12-07,5,22,30,32,33,36
2021-12-09,5,15,28,32,38,54
2021-12-11,1,19,41,46,48,55
2021-12-15,4,11,19,25,37,55
2021-12-18,2,8,34,38,47,51
2021-12-31,12,15,23,32,33,46
2022-01-05,9,41,42,46,47,54
2022-01-08,2,7,9,25,41,49
2022-01-12,1,5,12,13,17,31
2022-01-15,15,17,20,35,37,43
2022-01-19,11,25,32,37,47,56
2022-01-22,1,13,27,41,51,58
2022-01-25,13,19,29,42,49,52
2022-01-27,18,30,32,35,40,48
2022-01-29,14,20,21,31,49,52
2022-02-02,2,6,11,15,17,39
2022-02-05,13,26,31,46,51,60
2022-02-09,8,10,51,56,57,58
2022-02-12,10,14,15,24,34,44
2022-02-16,9,14,22,24,44,47
2022-02-19,21,38,50,53,56,59
2022-02-22,28,34,40,41,52,55
2022-02-24,10,19,46,47,49,50
2022-02-26,15,40,44,45,47,51
2022-03-03,15,24,33,49,53,59
2022-03-05,16,17,18,28,35,47
2022-03-09,8,11,16,21,32,37
2022-03-12,3,16,23,41,45,57
2022-03-16,11,16,31,37,42,51
2022-03-19,2,7,24,43,52,56
2022-03-23,3,8,23,29,53,54
2022-03-26,2,3,13,20,53,54
2022-03-30,1,10,19,34,35,45
2022-04-02,22,35,41,42,53,57
2022-04-06,5,28,30,38,52,55
2022-04-09,8,33,40,42,48,51
2022-04-13,8,23,29,30,36,55
2022-04-16,5,13,18,23,35,36
2022-04-20,15,18,28,42,55,60
2022-04-23,22,30,38,39,49,56
2022-04-26,1,40,44,45,58,60
2022-04-28,2,7,32,46,49,55
2022-04-30,20,33,37,38,49,50
2022-05-04,2,17,23,28,39,46
2022-05-07,10,15,17,20,21,35
2022-05-11,4,6,9,31,50,56
2022-05-14,1,8,21,27,36,37
2022-05-18,1,32,35,44,45,57
2022-05-21,20,34,38,40,49,54
2022-05-25,11,14,36,41,54,59
2022-05-28,5,12,32,38,47,60
2022-05-31,8,9,17,19,33,56
2022-06-02,23,36,42,48,54,58
2022-06-04,17,31,34,40,56,57
2022-06-08,3,10,13,25,41,42
2022-06-11,11,16,17,41,46,59
2022-06-15,22,29,38,43,48,53
2022-06-18,10,30,31,33,42,52
2022-06-22,4,9,37,43,44,56
2022-06-25,1,4,10,22,53,54
2022-06-28,8,12,14,30,33,41
2022-06-30,7,26,31,38,46,58
2022-07-02,5,14,23,46,48,52
2022-07-06,9,12,26,29,46,47
2022-07-09,11,19,38,47,56,59
2022-07-13,5,16,25,32,39,55
2022-07-16,11,27,32,40,58,59
2022-07-20,16,20,21,39,44,55
2022-07-23,3,14,16,38,43,45
2022-07-27,14,33,41,42,44,55
2022-07-30,3,5,19,26,43,51
2022-08-02,21,22,29,34,40,44
2022-08-04,4,6,12,34,35,53
2022-08-06,41,45,48,51,53,58
2022-08-10,8,37,39,50,59,60
2022-08-13,8,13,25,32,44,57
2022-08-17,4,10,15,39,41,49
2022-08-20,7,10,34,47,49,52
2022-08-24,13,19,21,35,46,50
2022-08-27,5,15,24,34,45,52
2022-08-31,3,12,19,41,45,54
2022-09-03,8,17,49,51,52,53
2022-09-08,1,5,6,16,22,39
2022-09-10,3,22,23,44,53,60
2022-09-13,3,8,20,36,38,57
2022-09-15,2,17,22,41,58,60
2022-09-17,23,28,33,38,55,59
2022-09-21,4,5,25,32,39,40
2022-09-24,1,10,27,36,37,45
2022-09-28,3,20,22,37,41,43
2022-10-01,4,13,21,26,47,51
2022-10-05,2,16,24,38,43,59
2022-10-08,8,19,29,38,48,56
2022-10-13,4,15,22,53,56,60
2022-10-15,3,5,32,56,57,59
2022-10-18,14,17,18,28,30,44
2022-10-20,1,5,18,49,55,56
2022-10-22,10,14,17,18,23,30
2022-10-26,17,18,20,37,45,53
2022-10-29,28,36,39,44,56,60
2022-11-03,1,3,24,37,51,56
2022-11-05,9,22,27,30,33,45
2022-11-09,12,24,26,31,37,48
2022-11-12,6,15,19,20,33,52
2022-11-16,1,23,32,33,36,59
2022-11-19,2,8,28,34,41,49
2022-11-22,10,28,45,47,57,59
2022-11-24,12,20,22,25,26,55
2022-11-26,2,5,27,30,46,53
2022-11-30,25,38,45,53,55,56
2022-12-03,20,23,32,36,39,57
2022-12-07,3,23,28,34,38,48
2022-12-10,10,25,31,37,38,57
2022-12-14,9,15,23,25,29,30
2022-12-17,1,6,10,30,33,35
2022-12-31,4,5,10,34,58,59
2023-01-04,1,25,29,43,46,48
2023-01-07,5,24,25,33,38,41
2023-01-10,13,15,53,54,55,58
2023-01-12,19,25,43,44,48,49
2023-01-14,3,20,45,52,53,58
2023-01-18,2,6,10,14,34,56
2023-01-21,3,13,16,25,27,33
2023-01-25,2,10,18,25,34,44
2023-01-28,9,12,20,30,32,35
2023-02-01,4,5,17,20,48,52
2023-02-04,19,22,37,44,51,56
2023-02-08,6,12,32,44,51,57
2023-02-11,5,9,14,30,38,50
2023-02-14,7,8,14,19,32,45
2023-02-16,9,13,25,39,46,54
2023-02-18,11,23,45,53,57,59
2023-02-23,10,11,19,33,58,60
2023-02-25,16,22,29,35,38,49
2023-03-01,6,7,25,28,31,52
2023-03-04,8,18,26,27,47,50
2023-03-08,9,18,33,38,41,51
2023-03-11,3,7,15,22,24,50
2023-03-14,6,26,32,35,37,49
2023-03-16,12,17,43,44,48,60
2023-03-18,4,12,14,41,46,53
2023-03-22,29,32,33,35,38,43
2023-03-25,12,18,22,31,44,50
2023-03-29,37,39,47,50,59,60
2023-04-01,5,10,26,35,38,44
2023-04-05,3,4,13,29,36,43
2023-04-08,14,17,32,36,39,60
2023-04-12,10,14,17,19,21,34
2023-04-15,2,20,27,30,52,59
2023-04-19,1,5,12,36,53,55
2023-04-22,14,26,34,36,43,59
2023-04-26,10,18,41,49,53,59
2023-04-29,5,10,11,22,23,37
2023-05-03,9,13,22,31,57,58
2023-05-06,1,15,16,25,32,36
2023-05-09,2,12,28,36,43,48
2023-05-11,10,11,21,23,28,30
2023-05-13,15,17,28,34,35,51
2023-05-17,10,14,17,25,32,39
2023-05-20,7,26,32,35,49,55
2023-05-24,1,13,34,39,50,52
2023-05-27,34,35,39,47,51,56
2023-05-31,14,26,34,54,56,58
2023-06-03,7,14,24,53,58,60
2023-06-07,23,28,34,43,47,60
2023-06-10,4,18,37,38,46,60
2023-06-14,3,8,34,40,44,55
2023-06-17,11,14,16,30,32,46
2023-06-21,3,7,13,29,52,56
2023-06-24,16,17,19,22,46,57
2023-06-27,5,11,26,35,46,54
2023-06-29,2,10,16,32,45,49
2023-07-01,7,11,25,51,57,60
2023-07-05,7,13,17,24,29,52
2023-07-08,3,21,27,32,35,60
2023-07-12,10,23,34,53,55,57
2023-07-15,4,12,18,21,25,49
2023-07-19,20,27,34,44,50,54
2023-07-22,14,26,40,42,46,52
2023-07-25,3,8,13,14,19,25
2023-07-27,5,7,22,23,41,59
2023-07-29,6,16,23,35,38,49
2023-08-02,3,14,36,42,43,44
2023-08-05,6,17,29,35,45,48
2023-08-09,5,36,39,41,44,50
2023-08-12,4,6,13,21,26,28
2023-08-16,6,9,14,16,42,47
2023-08-19,9,19,22,24,50,60
2023-08-22,10,15,20,35,37,59
2023-08-24,5,31,37,47,52,58
2023-08-26,9,10,35,44,55,58
2023-08-29,1,9,13,16,52,59
2023-08-31,13,25,31,43,57,58
2023-09-02,5,14,32,40,53,54
2023-09-05,11,32,35,40,41,48
2023-09-09,14,18,22,26,31,38
2023-09-12,14,26,36,39,50,53
2023-09-14,5,10,27,38,56,57
2023-09-16,2,23,25,33,45,54
2023-09-19,8,27,28,32,48,56
2023-09-21,6,11,29,37,56,58
2023-09-23,5,16,38,42,43,48
2023-09-26,1,2,10,32,34,59
2023-09-28,9,30,34,44,54,55
2023-09-30,2,8,11,22,48,49
2023-10-03,4,8,10,27,28,32
2023-10-05,9,24,34,39,45,50
2023-10-07,8,13,31,33,49,50
2023-10-10,2,10,29,31,56,59
2023-10-14,4,17,22,28,30,49
2023-10-17,8,22,34,42,51,59
2023-10-19,18,28,30,39,41,58
2023-10-21,9,33,39,43,50,54
2023-10-24,20,44,45,46,56,59
2023-10-26,6,11,26,32,46,56
2023-10-28,9,18,29,37,39,58
2023-11-01,6,23,35,36,37,59
2023-11-04,13,23,26,29,45,59
2023-11-07,14,32,41,43,48,60
2023-11-09,11,17,23,36,47,51
2023-11-11,10,23,30,31,49,56
2023-11-14,20,24,27,46,57,58
2023-11-18,7,27,32,33,36,53
2023-11-21,5,13,39,51,58,60
2023-11-23,11,36,46,53,55,60
2023-11-25,6,12,13,20,38,60
2023-11-28,6,30,35,38,41,56
2023-11-30,17,20,31,34,40,42
2023-12-02,7,11,27,41,56,59
2023-12-05,12,15,17,30,40,52
2023-12-07,3,14,21,22,37,39
2023-12-09,5,25,29,30,43,47
2023-12-12,1,4,8,21,46,51
2023-12-14,1,27,30,41,46,57
2023-12-16,4,7,16,35,46,54
2023-12-31,21,24,33,41,48,56
2024-01-04,16,19,43,53,57,58
2024-01-06,10,13,20,40,43,56
2024-01-09,4,27,35,45,52,56
2024-01-11,8,14,15,21,23,46
2024-01-13,1,26,31,34,42,45
2024-01-16,4,6,14,19,22,29
2024-01-18,3,7,32,34,42,54
2024-01-20,10,13,16,18,37,54
2024-01-23,7,18,20,26,38,51
2024-01-25,3,11,42,45,46,57
2024-01-27,10,20,30,42,47,53
2024-01-30,4,17,29,30,52,58
2024-02-01,1,3,23,27,47,57
2024-02-03,17,26,45,46,48,53
2024-02-06,9,16,31,46,47,51
2024-02-08,6,12,20,41,43,59
2024-02-10,2,4,24,30,34,50
2024-02-15,12,17,33,41,46,54
2024-02-17,9,16,20,47,48,52
2024-02-20,9,28,33,43,45,55
2024-02-22,13,15,28,37,40,57
2024-02-24,9,33,45,55,56,59
2024-02-27,11,29,44,45,46,50
2024-02-29,7,20,22,29,41,58
2024-03-02,15,17,32,33,34,40
2024-03-05,4,13,18,39,55,59
2024-03-07,10,11,13,25,27,42
2024-03-09,2,18,19,35,45,60
2024-03-12,9,23,31,49,54,58
2024-03-14,1,11,19,20,28,48
2024-03-16,6,15,18,31,32,47
2024-03-19,6,13,20,34,40,46
2024-03-21,3,7,11,35,38,56
2024-03-23,3,7,10,25,31,52
2024-03-26,2,16,22,27,35,47
2024-03-30,10,11,17,24,30,45
2024-04-02,7,9,11,39,54,57
2024-04-04,10,11,12,19,23,28
2024-04-06,12,22,23,24,47,53
2024-04-09,5,6,25,42,44,50
2024-04-11,14,36,38,46,55,60
2024-04-13,7,15,19,35,40,42
2024-04-16,9,23,25,26,35,58
2024-04-18,16,17,42,45,52,57
2024-04-20,7,19,25,46,50,53
2024-04-23,5,20,27,28,48,49
2024-04-25,6,22,34,36,44,50
2024-04-27,6,30,34,41,46,59
2024-04-30,16,25,27,30,42,48
2024-05-04,8,15,16,23,42,43
2024-05-07,9,10,11,25,46,48
2024-05-09,19,23,25,36,44,46
2024-05-11,6,12,19,28,50,60
2024-05-14,11,21,24,26,42,54
2024-05-16,2,10,32,33,38,47
2024-05-18,27,45,49,53,55,59
2024-05-21,4,32,39,48,51,57
2024-05-23,2,9,11,25,43,51
2024-05-25,20,27,41,47,53,54
2024-05-28,7,24,29,41,46,60
2024-06-01,4,12,32,45,49,58
2024-06-04,1,3,16,18,49,60
2024-06-06,14,20,21,39,44,56
2024-06-08,21,27,35,48,59,60
2024-06-11,5,33,46,47,53,59
2024-06-13,11,17,24,26,35,43
2024-06-15,16,20,30,34,37,45
2024-06-18,2,19,25,44,46,60
2024-06-20,19,25,37,45,47,53
2024-06-22,13,16,17,34,41,47
2024-06-25,1,33,35,39,42,56
2024-06-27,2,11,25,32,37,57
2024-06-29,13,25,27,30,37,53
2024-07-02,10,25,26,33,34,38
2024-07-04,2,5,7,11,52,57
2024-07-06,22,27,30,43,51,56
2024-07-10,14,17,24,28,36,45
2024-07-13,19,32,43,46,50,52
2024-07-16,8,25,27,38,43,44
2024-07-18,7,11,12,19,36,52
2024-07-20,4,13,18,42,52,53
2024-07-23,4,15,24,40,44,47
2024-07-25,6,26,31,46,52,55
2024-07-27,10,14,44,55,56,58
2024-07-30,7,13,17,33,41,58
2024-08-01,1,6,13,18,43,46
2024-08-03,1,21,37,40,51,54
2024-08-06,19,35,36,37,41,60
2024-08-08,3,10,38,40,48,59
2024-08-10,8,11,19,39,47,48
2024-08-13,3,22,34,44,49,57
2024-08-15,1,17,30,40,48,50
2024-08-17,15,16,19,43,44,49
2024-08-20,20,31,34,38,42,51
2024-08-22,8,12,34,39,43,47
2024-08-24,9,10,34,36,38,44
2024-08-27,14,21,42,47,50,59
2024-08-29,2,12,18,28,32,33
2024-08-31,10,16,35,46,49,60
2024-09-03,21,28,37,44,50,60
2024-09-06,7,13,14,33,38,50
2024-09-10,1,12,33,41,53,56
2024-09-12,19,23,32,34,38,57
2024-09-14,6,16,22,24,38,50
2024-09-17,1,4,14,26,44,51
2024-09-19,5,17,22,37,51,52
2024-09-21,2,13,21,38,42,52
2024-09-24,20,33,34,40,43,57
2024-09-26,14,19,32,44,51,54
2024-09-28,7,9,10,14,46,53
2024-10-01,10,31,35,45,50,55
2024-10-03,6,11,16,25,28,45
2024-10-05,7,30,38,39,43,54
2024-10-08,27,30,35,44,57,59
2024-10-11,20,27,48,50,57,59
2024-10-16,6,11,17,20,40,51
2024-10-19,8,10,23,34,36,50
2024-10-22,23,37,39,47,52,56
2024-10-24,3,17,18,19,20,55
2024-10-26,29,32,40,42,49,58
2024-10-29,2,3,11,25,37,43
2024-11-01,16,22,33,34,49,59
2024-11-05,7,9,25,37,57,59
2024-11-07,3,9,14,20,28,52
2024-11-09,13,16,33,43,46,55
2024-11-13,3,6,14,33,55,58
2024-11-16,1,3,15,25,45,52
2024-11-19,3,9,18,54,59,60
2024-11-23,1,31,38,40,45,60
2024-11-26,1,13,19,46,50,57
2024-11-28,25,27,33,46,48,56
2024-11-30,17,21,26,28,32,60
2024-12-03,1,20,32,43,57,59
2024-12-05,14,24,25,31,33,60
2024-12-07,1,6,24,47,55,58
2024-12-10,5,11,13,33,45,46
2024-12-12,8,25,49,52,55,56
2024-12-14,10,24,33,35,41,46
2024-12-17,2,4,15,28,34,39
2024-12-31,1,17,19,29,50,57
2025-01-04,8,27,36,37,39,45
2025-01-07,15,18,27,31,39,42
2025-01-09,10,21,32,38,51,58
2025-01-11,11,17,19,26,49,54
2025-01-14,5,20,28,38,50,53
2025-01-16,4,17,19,20,40,48
2025-01-18,24,30,43,46,55,60
2025-01-21,7,10,12,15,25,47
2025-01-23,11,12,39,43,46,50
2025-01-25,6,15,19,25,32,42
2025-01-28,14,22,30,33,44,45
2025-01-30,29,39,46,47,53,56
2025-02-01,7,15,21,37,57,60
2025-02-04,4,16,34,43,54,57
2025-02-06,2,38,50,54,58,59
2025-02-08,6,10,20,54,58,60
2025-02-11,1,11,13,27,45,59
2025-02-13,15,21,25,55,58,59
2025-02-15,13,22,38,46,51,56
2025-02-18,1,28,34,36,51,52
2025-02-20,2,9,32,38,48,55
2025-02-22,2,12,18,21,24,37
2025-02-25,1,3,13,16,36,56
2025-02-27,5,8,11,15,39,47
2025-03-01,9,24,27,36,43,54
2025-03-06,1,6,10,30,42,50
2025-03-08,3,14,34,35,42,50
2025-03-11,4,7,29,32,36,53
2025-03-13,27,30,37,40,46,47
2025-03-15,1,33,39,49,57,60
2025-03-18,4,5,12,34,36,48
2025-03-20,4,8,49,51,52,55
2025-03-22,1,37,39,40,43,59
2025-03-25,7,20,31,54,55,58
2025-03-27,10,31,40,52,54,56
2025-03-29,1,12,16,17,25,57
2025-04-01,3,5,22,35,53,56
2025-04-03,5,14,19,29,30,54
2025-04-05,13,19,25,29,31,43
2025-04-08,1,2,15,26,43,50
2025-04-10,5,6,17,37,43,54
2025-04-12,6,22,24,49,53,56
2025-04-15,4,18,23,48,53,56
2025-04-19,2,13,16,31,44,55
2025-04-24,12,16,24,31,51,55
2025-04-26,3,5,10,27,38,48
2025-04-29,2,18,28,38,41,50
2025-05-03,8,18,27,28,48,52
2025-05-06,7,8,15,17,20,51
2025-05-08,2,5,17,24,38,57
2025-05-10,2,21,27,46,51,53
2025-05-13,2,4,14,18,22,44
2025-05-15,5,23,32,34,47,56
2025-05-17,5,6,15,17,31,53
2025-05-20,2,25,30,39,47,51
2025-05-22,1,12,17,19,36,60
2025-05-24,5,9,15,24,25,60
2025-05-27,10,19,22,26,38,51
2025-05-29,2,10,13,40,41,53
2025-05-31,6,13,15,19,32,60
2025-06-03,4,19,38,43,48,55
2025-06-05,8,23,32,34,35,57
2025-06-07,4,5,17,27,52,56
2025-06-10,4,5,9,17,49,53
2025-06-12,6,15,31,38,40,49
